track_name,artist,genre_tag,playcount,listeners,duration_ms,tags,tag_count,duration_min,duration_sec,log_playcount,log_listeners,engagement_ratio,avg_play_per_listener,popularity_score,duration_category,popularity_class,genre_encoded
Pop Track 1,Artist_pop_1,pop,3332179,3559921,221161,"pop, music",4,3.6860166666666667,221.161,15.019137302418399,15.085249192475823,0.9360258455100983,0.9360258455100983,0.3821892296257381,"Sedang
(2.5-4m)",Tinggi,7
Pop Track 2,Artist_pop_2,pop,6515772,2791472,231702,"pop, music",5,3.8617,231.702,15.689736410773728,14.84207997146654,2.3341698092727388,2.3341698092727388,0.7695308588561522,"Sedang
(2.5-4m)",Tinggi,7
Pop Track 3,Artist_pop_3,pop,4142929,2348354,105498,"pop, music",2,1.7583,105.498,15.236913824947695,14.669225641005948,1.76418343904563,1.76418343904563,0.4808316207537995,"Pendek
(<2.5m)",Tinggi,7
Pop Track 4,Artist_pop_4,pop,6425554,871625,234137,"pop, music",5,3.9022833333333335,234.137,15.675793566337862,13.67811571180503,7.371916395334696,7.371916395334696,0.7585542085412692,"Sedang
(2.5-4m)",Tinggi,7
Pop Track 5,Artist_pop_5,pop,5333118,2500515,215698,"pop, music",2,3.5949666666666666,215.698,15.489446803228406,14.732007668540879,2.132806988637545,2.132806988637545,0.6256396242743869,"Sedang
(2.5-4m)",Tinggi,7
Pop Track 6,Artist_pop_6,pop,4948021,3368210,189382,"pop, music",6,3.1563666666666665,189.382,15.414498458725536,15.029892300838078,1.4690353425008114,1.4690353425008114,0.5787856139182438,"Sedang
(2.5-4m)",Tinggi,7
Pop Track 7,Artist_pop_7,pop,4559901,3219995,213805,"pop, music",3,3.5634166666666665,213.805,15.332811690031559,14.984890675283795,1.416120082136748,1.416120082136748,0.5315638009739043,"Sedang
(2.5-4m)",Tinggi,7
Pop Track 8,Artist_pop_8,pop,5996981,2663623,198332,"pop, music",5,3.3055333333333334,198.332,15.606766900645392,14.795198159539927,2.2514367643481212,2.2514367643481212,0.7064105569927935,"Sedang
(2.5-4m)",Tinggi,7
Pop Track 9,Artist_pop_9,pop,6168788,2175813,255209,"pop, music",4,4.2534833333333335,255.209,15.635013104332394,14.592913405363346,2.8351632998041194,2.8351632998041194,0.7273139838106027,"Panjang
(4-6m)",Tinggi,7
Pop Track 10,Artist_pop_10,pop,5559678,3025429,225573,"pop, music",5,3.75955,225.573,15.531050930747154,14.922563788105231,1.8376488631368102,1.8376488631368102,0.6532047431568705,"Sedang
(2.5-4m)",Tinggi,7
Pop Track 11,Artist_pop_11,pop,5313295,1338942,156872,"pop, music",3,2.614533333333333,156.872,15.48572291628474,14.107391054685817,3.968275721968747,3.968275721968747,0.6232277980402438,"Sedang
(2.5-4m)",Tinggi,7
Pop Track 12,Artist_pop_12,pop,5295291,3462192,245270,"pop, music",7,4.087833333333333,245.27,15.482328681861635,15.057412761286896,1.5294615291521876,1.5294615291521876,0.621037286033004,"Panjang
(4-6m)",Tinggi,7
Pop Track 13,Artist_pop_13,pop,3486371,1705805,240948,"pop, music",3,4.0158,240.948,15.064372211933266,14.349548284272146,2.0438262029797056,2.0438262029797056,0.4009494733171572,"Panjang
(4-6m)",Tinggi,7
Pop Track 14,Artist_pop_14,pop,4192787,3343059,226764,"pop, music",6,3.7794,226.764,15.248876464416771,15.022397113192115,1.2541764132262059,1.2541764132262059,0.48689774759544346,"Sedang
(2.5-4m)",Tinggi,7
Pop Track 15,Artist_pop_15,pop,5486125,2873731,182923,"pop, music",4,3.0487166666666665,182.923,15.517732917769708,14.871122091447045,1.9090593694888738,1.9090593694888738,0.6442556912979223,"Sedang
(2.5-4m)",Tinggi,7
Pop Track 16,Artist_pop_16,pop,5917514,3869302,173731,"pop, music",4,2.8955166666666665,173.731,15.59342715522131,15.168584945426234,1.5293488258738073,1.5293488258738073,0.6967419601432423,"Sedang
(2.5-4m)",Tinggi,7
Pop Track 17,Artist_pop_17,pop,3741173,2947683,223250,"pop, music",3,3.720833333333333,223.25,15.134910023876557,14.896530335229818,1.269190659514385,1.269190659514385,0.43195074195016653,"Sedang
(2.5-4m)",Tinggi,7
Pop Track 18,Artist_pop_18,pop,6463317,3009544,179213,"pop, music",7,2.986883333333333,179.213,15.681653366191027,14.917299462508115,2.1476060334701756,2.1476060334701756,0.7631487600259057,"Sedang
(2.5-4m)",Tinggi,7
Pop Track 19,Artist_pop_19,pop,6769574,2373575,243391,"pop, music",2,4.056516666666667,243.391,15.727948865960737,14.679908236684172,2.8520569806907385,2.8520569806907385,0.8004104594149981,"Panjang
(4-6m)",Tinggi,7
Pop Track 20,Artist_pop_20,pop,5444842,3567664,206755,"pop, music",4,3.4459166666666667,206.755,15.510179480141026,15.087421878139553,1.5261640316565597,1.5261640316565597,0.6392328681922302,"Sedang
(2.5-4m)",Tinggi,7
Pop Track 21,Artist_pop_21,pop,5542093,4748241,208566,"pop, music",2,3.4761,208.566,15.527882965646999,15.37328500224181,1.1671884036239097,1.1671884036239097,0.6510652100727052,"Sedang
(2.5-4m)",Tinggi,7
Pop Track 22,Artist_pop_22,pop,7346965,2649746,223315,"pop, music",5,3.7219166666666665,223.315,15.809797996852494,14.78997472170658,2.77270433743297,2.77270433743297,0.8706605104243382,"Sedang
(2.5-4m)",Tinggi,7
Pop Track 23,Artist_pop_23,pop,2871874,4265221,246141,"pop, music",6,4.10235,246.141,14.87047568452619,15.266004789135929,0.6733234518625291,0.6733234518625291,0.3261848067479061,"Panjang
(4-6m)",Sedang,7
Pop Track 24,Artist_pop_24,pop,5028500,1866340,217613,"pop, music",6,3.6268833333333332,217.613,15.430632485733113,14.43949038753089,2.694309346469911,2.694309346469911,0.5885773388588484,"Sedang
(2.5-4m)",Tinggi,7
Pop Track 25,Artist_pop_25,pop,4681757,2833000,230057,"pop, music",7,3.8342833333333335,230.057,15.359184238384044,14.856847131795295,1.6525786612853295,1.6525786612853295,0.5463897858191723,"Sedang
(2.5-4m)",Tinggi,7
Pop Track 26,Artist_pop_26,pop,6737279,1804125,200846,"pop, music",5,3.3474333333333335,200.846,15.723166840605042,14.40558682195503,3.734372765538549,3.734372765538549,0.7964811889598877,"Sedang
(2.5-4m)",Tinggi,7
Pop Track 27,Artist_pop_27,pop,5145616,4193241,181917,"pop, music",2,3.03195,181.917,15.453655842314804,15.248984739727124,1.227121163052359,1.227121163052359,0.6028266170325814,"Sedang
(2.5-4m)",Tinggi,7
Pop Track 28,Artist_pop_28,pop,4508506,1933797,169237,"pop, music",7,2.8206166666666665,169.237,15.321476614543716,14.474996502797934,2.3314255160052912,2.3314255160052912,0.525310670302271,"Sedang
(2.5-4m)",Tinggi,7
Pop Track 29,Artist_pop_29,pop,1017235,3585864,194179,"pop, music",5,3.2363166666666667,194.179,13.832599703174,15.092510286035894,0.2836791122922921,0.2836791122922921,0.10053445134937804,"Sedang
(2.5-4m)",Rendah,7
Pop Track 30,Artist_pop_30,pop,4566294,2599854,189448,"pop, music",2,3.1574666666666666,189.448,15.33421271195684,14.77096623220578,1.756364874194907,1.756364874194907,0.5323416249720316,"Sedang
(2.5-4m)",Tinggi,7
Pop Track 31,Artist_pop_31,pop,4005892,3106309,176159,"pop, music",3,2.935983333333333,176.159,15.203277084916087,14.9489460845359,1.289598269329204,1.289598269329204,0.4641585928746553,"Sedang
(2.5-4m)",Tinggi,7
Pop Track 32,Artist_pop_32,pop,3766265,2509920,228296,"pop, music",2,3.8049333333333335,228.296,15.141594617675175,14.735761836509061,1.500551212568045,1.500551212568045,0.4350036372670772,"Sedang
(2.5-4m)",Tinggi,7
Pop Track 33,Artist_pop_33,pop,4337350,3167042,259480,"pop, music",7,4.324666666666666,259.48,15.282774351062208,14.96830890294676,1.3695267162460376,1.3695267162460376,0.5044864494007422,"Panjang
(4-6m)",Tinggi,7
Pop Track 34,Artist_pop_34,pop,2860281,3215245,163252,"pop, music",7,2.7208666666666668,163.252,14.866430779333838,14.983414429056337,0.8895994272288963,0.8895994272288963,0.3247743087641286,"Sedang
(2.5-4m)",Sedang,7
Pop Track 35,Artist_pop_35,pop,6150945,2128349,178986,"pop, music",7,2.9831,178.986,15.632116449091654,14.57085758960357,2.8900063429417155,2.8900063429417155,0.7251430603633033,"Sedang
(2.5-4m)",Tinggi,7
Pop Track 36,Artist_pop_36,pop,6159711,4616417,153925,"pop, music",7,2.5654166666666667,153.925,15.633540581169981,15.345129637662973,1.3343052990435442,1.3343052990435442,0.7262096027014207,"Sedang
(2.5-4m)",Tinggi,7
Pop Track 37,Artist_pop_37,pop,6827075,2869466,192287,"pop, music",4,3.2047833333333333,192.287,15.736407028607386,14.869636856203057,2.3792136309635206,2.3792136309635206,0.8074064953474738,"Sedang
(2.5-4m)",Tinggi,7
Pop Track 38,Artist_pop_38,pop,5567339,4912549,244943,"pop, music",4,4.0823833333333335,244.943,15.532427939487867,15.407303713224906,1.1332890250480911,1.1332890250480911,0.6541368422730371,"Panjang
(4-6m)",Tinggi,7
Pop Track 39,Artist_pop_39,pop,6331267,3839259,181188,"pop, music",2,3.0198,181.188,15.661011090015563,15.16079019765994,1.649085240384866,1.649085240384866,0.7470824908326149,"Sedang
(2.5-4m)",Tinggi,7
Pop Track 40,Artist_pop_40,pop,4595099,2352895,271997,"pop, music",3,4.533283333333333,271.997,15.340501076320756,14.671157467837672,1.9529545717277772,1.9529545717277772,0.5358462738483114,"Panjang
(4-6m)",Tinggi,7
Pop Track 41,Artist_pop_41,pop,5722968,4152119,176496,"pop, music",7,2.9416,176.496,15.559998284637096,15.239129605144319,1.378324325886535,1.378324325886535,0.6730719229870291,"Sedang
(2.5-4m)",Tinggi,7
Pop Track 42,Artist_pop_42,pop,6015779,2247345,239649,"pop, music",3,3.99415,239.649,15.60989657479421,14.62526052240185,2.676837033549796,2.676837033549796,0.7086976734509192,"Sedang
(2.5-4m)",Tinggi,7
Pop Track 43,Artist_pop_43,pop,5019550,3617301,212512,"pop, music",4,3.5418666666666665,212.512,15.428851045436641,15.101239002057547,1.387650243192302,1.387650243192302,0.5874884095950851,"Sedang
(2.5-4m)",Tinggi,7
Pop Track 44,Artist_pop_44,pop,5752394,2662883,176135,"pop, music",4,2.935583333333333,176.135,15.565126847791564,14.794920303952454,2.1602120107372307,2.1602120107372307,0.6766521277373645,"Sedang
(2.5-4m)",Tinggi,7
Pop Track 45,Artist_pop_45,pop,5782912,3538558,220019,"pop, music",5,3.6669833333333335,220.019,15.570418092932432,15.079230140090779,1.6342562042910687,1.6342562042910687,0.6803651940246863,"Sedang
(2.5-4m)",Tinggi,7
Pop Track 46,Artist_pop_46,pop,5519672,3469648,243896,"pop, music",4,4.064933333333333,243.896,15.523829177368137,15.059563994069007,1.5908444917627114,1.5908444917627114,0.6483372901818854,"Panjang
(4-6m)",Tinggi,7
Pop Track 47,Artist_pop_47,pop,5850341,3088737,204280,"pop, music",4,3.4046666666666665,204.28,15.582010679037692,14.943273151210635,1.8940878119154165,1.8940878119154165,0.6885691505974573,"Sedang
(2.5-4m)",Tinggi,7
Pop Track 48,Artist_pop_48,pop,2098144,2087888,236262,"pop, music",2,3.9377,236.262,14.556564178991529,14.551664065652034,1.0049116595757726,1.0049116595757726,0.23204656772537768,"Sedang
(2.5-4m)",Sedang,7
Pop Track 49,Artist_pop_49,pop,4992714,2875445,191498,"pop, music",4,3.1916333333333333,191.498,15.423490407941749,14.87171835061689,1.7363268167790318,1.7363268167790318,0.5842233251568333,"Sedang
(2.5-4m)",Tinggi,7
Pop Track 50,Artist_pop_50,pop,3331253,4050362,285871,"pop, music",5,4.764516666666666,285.871,15.01885936764604,15.214317064695857,0.8224578883423536,0.8224578883423536,0.3820765649890627,"Panjang
(4-6m)",Tinggi,7
Pop Track 51,Artist_pop_51,pop,8410017,3392339,231584,"pop, music",7,3.8597333333333332,231.584,15.944934172255996,15.03703050671971,2.479119722669308,2.479119722669308,1.0,"Sedang
(2.5-4m)",Tinggi,7
Pop Track 52,Artist_pop_52,pop,2752556,4105544,200416,"pop, music",4,3.3402666666666665,200.416,14.828040855811421,15.227849056977012,0.6704483813963797,0.6704483813963797,0.31166761547486505,"Sedang
(2.5-4m)",Sedang,7
Pop Track 53,Artist_pop_53,pop,2095435,2423140,264577,"pop, music",2,4.4096166666666665,264.577,14.555272204244018,14.70057519042912,0.8647598303194077,0.8647598303194077,0.23171696891246873,"Panjang
(4-6m)",Sedang,7
Pop Track 54,Artist_pop_54,pop,6758043,3858933,175713,"pop, music",4,2.92855,175.713,15.72624405703719,15.165901537497106,1.7512719834026702,1.7512719834026702,0.7990075048518187,"Sedang
(2.5-4m)",Tinggi,7
Pop Track 55,Artist_pop_55,pop,7219773,3635825,138669,"pop, music",7,2.31115,138.669,15.792334208440035,15.106346878348951,1.9857311653527974,1.9857311653527974,0.8551853047353337,"Pendek
(<2.5m)",Tinggi,7
Pop Track 56,Artist_pop_56,pop,4635298,3128085,239613,"pop, music",6,3.99355,239.613,15.34921126407083,14.955931873875535,1.4818320212423828,1.4818320212423828,0.5407372087616101,"Sedang
(2.5-4m)",Tinggi,7
Pop Track 57,Artist_pop_57,pop,5504598,3298430,201301,"pop, music",2,3.3550166666666668,201.301,15.521094482615629,15.008957458826902,1.6688534639651398,1.6688534639651398,0.6465032656319447,"Sedang
(2.5-4m)",Tinggi,7
Pop Track 58,Artist_pop_58,pop,4287113,2346440,189481,"pop, music",2,3.1580166666666667,189.481,15.271124337248946,14.66841027006926,1.8270704441321985,1.8270704441321985,0.4983742103589902,"Sedang
(2.5-4m)",Tinggi,7
Pop Track 59,Artist_pop_59,pop,6644494,2922147,235404,"pop, music",3,3.9234,235.404,15.709299250251346,14.887829520249664,2.273838970510734,2.273838970510734,0.7851922166986269,"Sedang
(2.5-4m)",Tinggi,7
Pop Track 60,Artist_pop_60,pop,3379698,2415456,168917,"pop, music",3,2.8152833333333334,168.917,15.033297210239287,14.697399061120775,1.3991960941552675,1.3991960941552675,0.38797077484191367,"Sedang
(2.5-4m)",Tinggi,7
Pop Track 61,Artist_pop_61,pop,6308670,4288329,171639,"pop, music",6,2.86065,171.639,15.657435594267735,15.27140793772681,1.471125123299746,1.471125123299746,0.7443331573607421,"Sedang
(2.5-4m)",Tinggi,7
Pop Track 62,Artist_pop_62,pop,7073006,2598994,142327,"pop, music",3,2.372116666666667,142.327,15.771796265696699,14.770635389804925,2.7214388638685336,2.7214388638685336,0.8373284464945786,"Pendek
(<2.5m)",Tinggi,7
Pop Track 63,Artist_pop_63,pop,5772571,7004430,232835,"pop, music",7,3.8805833333333335,232.835,15.568628293065006,15.762053506759592,0.8241313248713564,0.8241313248713564,0.6791070244697615,"Sedang
(2.5-4m)",Tinggi,7
Pop Track 64,Artist_pop_64,pop,6703348,3475504,217047,"pop, music",5,3.61745,217.047,15.718117810223692,15.061250350163565,1.928740715378053,1.928740715378053,0.7923528695354458,"Sedang
(2.5-4m)",Tinggi,7
Pop Track 65,Artist_pop_65,pop,2659164,5198867,161994,"pop, music",3,2.6999,161.994,14.793522721703459,15.463951467545554,0.5114890395370685,0.5114890395370685,0.30030479069258703,"Sedang
(2.5-4m)",Sedang,7
Pop Track 66,Artist_pop_66,pop,6802070,1505789,224292,"pop, music",3,3.7382,224.292,15.73273768260124,14.224828235387928,4.517276645481774,4.517276645481774,0.8043641851530153,"Sedang
(2.5-4m)",Tinggi,7
Pop Track 67,Artist_pop_67,pop,4380857,3829668,130338,"pop, music",6,2.1723,130.338,15.292755153579566,15.158288934445647,1.1439257544189851,1.1439257544189851,0.5097798623033738,"Pendek
(<2.5m)",Tinggi,7
Pop Track 68,Artist_pop_68,pop,5639038,4428884,203950,"pop, music",5,3.3991666666666664,203.95,15.545224218885282,15.303658417339062,1.2732410076125256,1.2732410076125256,0.6628603215224862,"Sedang
(2.5-4m)",Tinggi,7
Pop Track 69,Artist_pop_69,pop,7495654,2528528,205712,"pop, music",4,3.428533333333333,205.712,15.829834077294809,14.743148268686948,2.964432680028586,2.964432680028586,0.8887512147036355,"Sedang
(2.5-4m)",Tinggi,7
Pop Track 70,Artist_pop_70,pop,4270674,2476591,205410,"pop, music",6,3.4235,205.41,15.267282452336833,14.722393979522918,1.7244156486009807,1.7244156486009807,0.4963741088878164,"Sedang
(2.5-4m)",Tinggi,7
Pop Track 71,Artist_pop_71,pop,7671936,2588786,148046,"pop, music",7,2.467433333333333,148.046,15.853079683832863,14.766699984202058,2.9635253885313855,2.9635253885313855,0.9101991061533264,"Pendek
(<2.5m)",Tinggi,7
Pop Track 72,Artist_pop_72,pop,4485306,4170566,260656,"pop, music",6,4.344266666666667,260.656,15.316317501522603,15.243562555754757,1.0754667171154426,1.0754667171154426,0.5224879709816777,"Panjang
(4-6m)",Tinggi,7
Pop Track 73,Artist_pop_73,pop,5406592,5437147,178495,"pop, music",6,2.9749166666666667,178.495,15.503129692736477,15.508765216651451,0.9943801419420623,0.9943801419420623,0.6345790643554762,"Sedang
(2.5-4m)",Tinggi,7
Pop Track 74,Artist_pop_74,pop,7885436,1768113,190630,"pop, music",4,3.1771666666666665,190.63,15.880528198530298,14.385423999739013,4.459800668961391,4.459800668961391,0.9361752399872347,"Sedang
(2.5-4m)",Tinggi,7
Pop Track 75,Artist_pop_75,pop,4643912,5073769,209222,"pop, music",5,3.487033333333333,209.222,15.35106788777431,15.439594688985077,0.9152783827410387,0.9152783827410387,0.5417852575524545,"Sedang
(2.5-4m)",Tinggi,7
Pop Track 76,Artist_pop_76,pop,3601112,3002895,160088,"pop, music",3,2.6681333333333335,160.088,15.09675352231084,14.915087714331133,1.1992130263585552,1.1992130263585552,0.4149097898147519,"Sedang
(2.5-4m)",Tinggi,7
Pop Track 77,Artist_pop_77,pop,7314601,4538897,204863,"pop, music",3,3.4143833333333333,204.863,15.805383182207006,15.328194809275994,1.6115367650914385,1.6115367650914385,0.8667228448721105,"Sedang
(2.5-4m)",Tinggi,7
Pop Track 78,Artist_pop_78,pop,4301502,3250848,240237,"pop, music",6,4.00395,240.237,15.274475054474426,14.994426750960335,1.3231934180886284,1.3231934180886284,0.5001248922781288,"Panjang
(4-6m)",Tinggi,7
Pop Track 79,Artist_pop_79,pop,6458949,4754517,223762,"pop, music",5,3.7293666666666665,223.762,15.680977323848248,15.374605881841523,1.3584866015861123,1.3584866015861123,0.7626173138779595,"Sedang
(2.5-4m)",Tinggi,7
Pop Track 80,Artist_pop_80,pop,6389348,1399661,261221,"pop, music",5,4.353683333333334,261.221,15.670142943229536,14.15174133686549,4.564922102621919,4.564922102621919,0.7541490942481054,"Panjang
(4-6m)",Tinggi,7
Rock Track 1,Artist_rock_1,rock,3433095,1885982,295480,"rock, music",3,4.924666666666667,295.48,15.048973035928835,14.449959728349125,1.8203212860349218,1.8203212860349218,0.3944674849980223,"Panjang
(4-6m)",Tinggi,9
Rock Track 2,Artist_rock_2,rock,3402201,1322214,215276,"rock, music",5,3.5879333333333334,215.276,15.039933427012365,14.094818918545746,2.5731072480648005,2.5731072480648005,0.39070867151481503,"Sedang
(2.5-4m)",Tinggi,9
Rock Track 3,Artist_rock_3,rock,3252892,1345179,241675,"rock, music",3,4.027916666666667,241.675,14.995055312200094,14.112038391060057,2.418183440134406,2.418183440134406,0.3725425330295363,"Panjang
(4-6m)",Tinggi,9
Rock Track 4,Artist_rock_4,rock,2556299,1095931,301276,"rock, music",4,5.0212666666666665,301.276,14.754071458484157,13.907115700769682,2.3325343178226388,2.3325343178226388,0.28778940424375815,"Panjang
(4-6m)",Sedang,9
Rock Track 5,Artist_rock_5,rock,2439986,1477785,288080,"rock, music",6,4.801333333333333,288.08,14.707503269386338,14.206055579750059,1.651109159242272,1.651109159242272,0.2736378255335784,"Panjang
(4-6m)",Sedang,9
Rock Track 6,Artist_rock_6,rock,4307295,1609497,229764,"rock, music",6,3.8294,229.764,15.275820887005628,14.291432887098296,2.67617294336495,2.67617294336495,0.500829715431758,"Sedang
(2.5-4m)",Tinggi,9
Rock Track 7,Artist_rock_7,rock,2253904,1376204,279891,"rock, music",2,4.66485,279.891,14.628174825399936,14.134840268936767,1.637767629095956,1.637767629095956,0.25099758695708513,"Panjang
(4-6m)",Sedang,9
Rock Track 8,Artist_rock_8,rock,3549333,1348878,265311,"rock, music",2,4.42185,265.311,15.082270538217658,14.114784435095796,2.6313205261554224,2.6313205261554224,0.4086099386026398,"Panjang
(4-6m)",Tinggi,9
Rock Track 9,Artist_rock_9,rock,2397717,2230823,312114,"rock, music",2,5.2019,312.114,14.690028009656078,14.617881581911961,1.0748122666781423,1.0748122666781423,0.26849503770676125,"Panjang
(4-6m)",Sedang,9
Rock Track 10,Artist_rock_10,rock,2604433,1343115,196319,"rock, music",2,3.2719833333333335,196.319,14.772725935089918,14.110502845565396,1.9390975909750163,1.9390975909750163,0.29364577532554426,"Sedang
(2.5-4m)",Sedang,9
Rock Track 11,Artist_rock_11,rock,4174930,1664623,277278,"rock, music",2,4.6213,277.278,15.244608389184414,14.325109830068364,2.5080318438277955,2.5080318438277955,0.48472512079510577,"Panjang
(4-6m)",Tinggi,9
Rock Track 12,Artist_rock_12,rock,2720759,1450093,289360,"rock, music",5,4.822666666666667,289.36,14.816421811008688,14.187138939881747,1.8762638835827194,1.8762638835827194,0.3077989357206881,"Panjang
(4-6m)",Sedang,9
Rock Track 13,Artist_rock_13,rock,4721085,2182830,178318,"rock, music",2,2.971966666666667,178.318,15.367549415842065,14.596133216135826,2.162826622858114,2.162826622858114,0.5511747478398746,"Sedang
(2.5-4m)",Tinggi,9
Rock Track 14,Artist_rock_14,rock,2597903,939261,260772,"rock, music",6,4.3462,260.772,14.770215524028803,13.752849739505786,2.765898120013372,2.765898120013372,0.29285128280125655,"Panjang
(4-6m)",Sedang,9
Rock Track 15,Artist_rock_15,rock,3561707,1966023,249510,"rock, music",7,4.1585,249.51,15.08575076305375,14.491523787142713,1.8116294612883668,1.8116294612883668,0.410115459352339,"Panjang
(4-6m)",Tinggi,9
Rock Track 16,Artist_rock_16,rock,2192471,617007,320817,"rock, music",6,5.34695,320.817,14.60054023233735,13.332637268767812,3.553391528148744,3.553391528148744,0.24352315215699855,"Panjang
(4-6m)",Sedang,9
Rock Track 17,Artist_rock_17,rock,2257052,1494709,266517,"rock, music",5,4.44195,266.517,14.629570538022856,14.217442766057273,1.5100266941413385,1.5100266941413385,0.2513805980545519,"Panjang
(4-6m)",Sedang,9
Rock Track 18,Artist_rock_18,rock,2492647,1681778,252409,"rock, music",7,4.206816666666667,252.409,14.728856157189721,14.335362719681498,1.4821489624974507,1.4821489624974507,0.28004498798710276,"Panjang
(4-6m)",Sedang,9
Rock Track 19,Artist_rock_19,rock,2610026,1755349,272364,"rock, music",6,4.5394,272.364,14.774871124072956,14.378178825197974,1.4868977696755632,1.4868977696755632,0.2943262648643407,"Panjang
(4-6m)",Sedang,9
Rock Track 20,Artist_rock_20,rock,3785287,869288,253160,"rock, music",6,4.219333333333333,253.16,15.146632531787272,13.675430915127668,4.354463245249853,4.354463245249853,0.4373180073738154,"Panjang
(4-6m)",Tinggi,9
Rock Track 21,Artist_rock_21,rock,4038918,1417294,223430,"rock, music",4,3.7238333333333333,223.43,15.211487639875529,14.16426068331416,2.8497369990016193,2.8497369990016193,0.4681768026919792,"Sedang
(2.5-4m)",Tinggi,9
Rock Track 22,Artist_rock_22,rock,4224100,1808491,309014,"rock, music",4,5.150233333333333,309.014,15.25631701506722,14.408003906809073,2.335702895008659,2.335702895008659,0.49070754000172534,"Panjang
(4-6m)",Tinggi,9
Rock Track 23,Artist_rock_23,rock,2287452,1072595,186541,"rock, music",3,3.1090166666666668,186.541,14.642949529472645,13.885592436267995,2.1326314847342336,2.1326314847342336,0.2550793075091224,"Sedang
(2.5-4m)",Sedang,9
Rock Track 24,Artist_rock_24,rock,2620040,1315580,248072,"rock, music",5,4.134533333333334,248.072,14.7787005244698,14.089788951113091,1.991545940538819,1.991545940538819,0.29554464895901406,"Panjang
(4-6m)",Sedang,9
Rock Track 25,Artist_rock_25,rock,3582802,1920209,283606,"rock, music",5,4.726766666666666,283.606,15.091656012916756,14.467945113022955,1.8658386322329328,1.8658386322329328,0.41268204737681813,"Panjang
(4-6m)",Tinggi,9
Rock Track 26,Artist_rock_26,rock,4020007,1600227,266068,"rock, music",2,4.434466666666666,266.068,15.206794450642976,14.28565667705785,2.5121463941388353,2.5121463941388353,0.4658759377414732,"Panjang
(4-6m)",Tinggi,9
Rock Track 27,Artist_rock_27,rock,3051671,1235303,304352,"rock, music",6,5.072533333333333,304.352,14.931200195099976,14.026827651599481,2.470380570288771,2.470380570288771,0.34806036147828173,"Panjang
(4-6m)",Tinggi,9
Rock Track 28,Artist_rock_28,rock,2742288,1688766,289340,"rock, music",4,4.822333333333333,289.34,14.824303531070527,14.339509234823199,1.623840352162258,1.623840352162258,0.3104183276893542,"Panjang
(4-6m)",Sedang,9
Rock Track 29,Artist_rock_29,rock,2848736,1795721,231123,"rock, music",2,3.85205,231.123,14.862386296126617,14.400917727444611,1.586401458577664,1.586401458577664,0.3233696508479109,"Sedang
(2.5-4m)",Sedang,9
Rock Track 30,Artist_rock_30,rock,3195485,1305918,211315,"rock, music",2,3.521916666666667,211.315,14.977249746901869,14.082417565455595,2.4469243498256783,2.4469243498256783,0.365557933896032,"Sedang
(2.5-4m)",Tinggi,9
Rock Track 31,Artist_rock_31,rock,4080370,2555452,245562,"rock, music",5,4.0927,245.562,15.221698473618886,14.753740065317174,1.5967305992323084,1.5967305992323084,0.4732201877022048,"Panjang
(4-6m)",Tinggi,9
Rock Track 32,Artist_rock_32,rock,3878678,1164277,230353,"rock, music",5,3.8392166666666667,230.353,15.171005189710932,13.96761171037291,3.331401950393291,3.331401950393291,0.4486807104880192,"Sedang
(2.5-4m)",Tinggi,9
Rock Track 33,Artist_rock_33,rock,1088493,1393289,219634,"rock, music",2,3.6605666666666665,219.634,13.900305647468832,14.14717841487073,0.7812393686884999,0.7812393686884999,0.10920427497812105,"Sedang
(2.5-4m)",Rendah,9
Rock Track 34,Artist_rock_34,rock,3135354,1493723,183595,"rock, music",2,3.0599166666666666,183.595,14.958252963277815,14.216782888652734,2.0990182925359706,2.0990182925359706,0.3582419109285063,"Sedang
(2.5-4m)",Tinggi,9
Rock Track 35,Artist_rock_35,rock,2419210,859881,189417,"rock, music",6,3.15695,189.417,14.698952011914686,13.664550449513307,2.8134209112413098,2.8134209112413098,0.27111004962475743,"Sedang
(2.5-4m)",Sedang,9
Rock Track 36,Artist_rock_36,rock,3611693,999021,323258,"rock, music",7,5.3876333333333335,323.258,15.0996874723223,13.814532079410231,3.615228693662402,3.615228693662402,0.41619715970747595,"Panjang
(4-6m)",Tinggi,9
Rock Track 37,Artist_rock_37,rock,2933749,1514145,261819,"rock, music",2,4.36365,261.819,14.891792026147371,14.230362141619441,1.9375601824394741,1.9375601824394741,0.33371301883677296,"Panjang
(4-6m)",Tinggi,9
Rock Track 38,Artist_rock_38,rock,2012388,1597358,299512,"rock, music",4,4.991866666666667,299.512,14.514833131474244,14.283862198427629,1.2598219936783153,1.2598219936783153,0.22161280035741215,"Panjang
(4-6m)",Sedang,9
Rock Track 39,Artist_rock_39,rock,3196814,1413824,315554,"rock, music",4,5.259233333333333,315.554,14.977665559617556,14.161809355403223,2.261110109101197,2.261110109101197,0.3657196307665953,"Panjang
(4-6m)",Tinggi,9
Rock Track 40,Artist_rock_40,rock,3202711,2406646,262498,"rock, music",6,4.3749666666666664,262.498,14.979508508844608,14.693745050422358,1.330777218262587,1.330777218262587,0.36643710739993746,"Panjang
(4-6m)",Tinggi,9
Rock Track 41,Artist_rock_41,rock,2420152,2327114,220415,"rock, music",2,3.673583333333333,220.415,14.699341319274867,14.660139860917198,1.0399795454887275,1.0399795454887275,0.2712246609506195,"Sedang
(2.5-4m)",Sedang,9
Rock Track 42,Artist_rock_42,rock,2415677,1713898,270577,"rock, music",7,4.509616666666667,270.577,14.697490551008826,14.35428144991588,1.4094628679986394,1.4094628679986394,0.2706801963187378,"Panjang
(4-6m)",Sedang,9
Rock Track 43,Artist_rock_43,rock,3302353,1899556,249934,"rock, music",7,4.165566666666667,249.934,15.010146105468747,14.457131259056405,1.7384858680208068,1.7384858680208068,0.3785603576457374,"Panjang
(4-6m)",Tinggi,9
Rock Track 44,Artist_rock_44,rock,2616570,1711201,312050,"rock, music",5,5.200833333333334,312.05,14.777375239912576,14.352706605520103,1.529083065587815,1.529083065587815,0.2951224607416667,"Panjang
(4-6m)",Sedang,9
Rock Track 45,Artist_rock_45,rock,2493067,2914332,305871,"rock, music",7,5.09785,305.871,14.729024638507548,14.885151535117696,0.8554502865664287,0.8554502865664287,0.2800960885782514,"Panjang
(4-6m)",Sedang,9
Rock Track 46,Artist_rock_46,rock,2649080,1175347,277442,"rock, music",7,4.624033333333333,277.442,14.789723345363166,13.977074831923423,2.2538686414576787,2.2538686414576787,0.29907788983272227,"Panjang
(4-6m)",Sedang,9
Rock Track 47,Artist_rock_47,rock,3182802,1678801,314423,"rock, music",4,5.240383333333333,314.423,14.973272813051366,14.333591001768001,1.8958769408185123,1.8958769408185123,0.36401481771141625,"Panjang
(4-6m)",Tinggi,9
Rock Track 48,Artist_rock_48,rock,4146594,1778858,231848,"rock, music",2,3.864133333333333,231.848,15.237798073499647,14.391482705496772,2.331041414749567,2.331041414749567,0.4812775342456087,"Sedang
(2.5-4m)",Tinggi,9
Rock Track 49,Artist_rock_49,rock,4352121,1690970,315144,"rock, music",4,5.2524,315.144,15.28617410021323,14.340813478118049,2.5737407678783373,2.5737407678783373,0.5062836085242113,"Panjang
(4-6m)",Tinggi,9
Rock Track 50,Artist_rock_50,rock,1757908,2134892,275829,"rock, music",3,4.59715,275.829,14.379635592520026,14.57392708629294,0.8234173797000599,0.8234173797000599,0.1906507088442835,"Panjang
(4-6m)",Sedang,9
Rock Track 51,Artist_rock_51,rock,2986753,2049424,238744,"rock, music",3,3.9790666666666668,238.744,14.90969773692692,14.53306982396565,1.457361455042268,1.457361455042268,0.34016191343973534,"Sedang
(2.5-4m)",Tinggi,9
Rock Track 52,Artist_rock_52,rock,1501776,898316,298236,"rock, music",7,4.9706,298.236,14.22215963157526,13.708278291673652,1.6717662027992346,1.6717662027992346,0.15948762167263675,"Panjang
(4-6m)",Rendah,9
Rock Track 53,Artist_rock_53,rock,1825977,1986532,264663,"rock, music",5,4.41105,264.663,14.4176262918717,14.5019014662307,0.9191777836059104,0.9191777836059104,0.1989325329845191,"Panjang
(4-6m)",Sedang,9
Rock Track 54,Artist_rock_54,rock,2154108,2025089,238372,"rock, music",4,3.9728666666666665,238.372,14.582887738946475,14.521124701979597,1.0637097610476571,1.0637097610476571,0.23885559982786403,"Sedang
(2.5-4m)",Sedang,9
Rock Track 55,Artist_rock_55,rock,3421001,1661676,195373,"rock, music",6,3.2562166666666665,195.373,15.04544404858395,14.323337891346599,2.058764128046546,2.058764128046546,0.3929960313090889,"Sedang
(2.5-4m)",Tinggi,9
Rock Track 56,Artist_rock_56,rock,3453696,1391054,218285,"rock, music",6,3.6380833333333333,218.285,15.05495580946322,14.145573010023252,2.4827889623343435,2.4827889623343435,0.39697396899386467,"Sedang
(2.5-4m)",Tinggi,9
Rock Track 57,Artist_rock_57,rock,3045758,1411707,164165,"rock, music",7,2.736083333333333,164.165,14.929260689149496,14.160310876782635,2.1574985761928103,2.1574985761928103,0.34734093815575295,"Sedang
(2.5-4m)",Tinggi,9
Rock Track 58,Artist_rock_58,rock,3461647,1682722,158687,"rock, music",6,2.6447833333333333,158.687,15.057255334216826,14.335923872580068,2.057169837222169,2.057169837222169,0.3979413518515387,"Sedang
(2.5-4m)",Tinggi,9
Rock Track 59,Artist_rock_59,rock,2437285,1518418,328570,"rock, music",7,5.476166666666667,328.57,14.706395683128148,14.23318021993127,1.6051465372864802,1.6051465372864802,0.27330920006526277,"Panjang
(4-6m)",Sedang,9
Rock Track 60,Artist_rock_60,rock,2822500,1466089,207616,"rock, music",2,3.4602666666666666,207.616,14.853133929301729,14.19810955108596,1.9251887674017285,1.9251887674017285,0.32017756725415725,"Sedang
(2.5-4m)",Sedang,9
Rock Track 61,Artist_rock_61,rock,3766218,1346338,220543,"rock, music",7,3.6757166666666667,220.543,15.141582138393769,14.112899614831196,2.7973771836068035,2.7973771836068035,0.4349979188675915,"Sedang
(2.5-4m)",Tinggi,9
Rock Track 62,Artist_rock_62,rock,3521553,2035689,218786,"rock, music",7,3.6464333333333334,218.786,15.074412927424587,14.526345385727899,1.7299063216894517,1.7299063216894517,0.40522999950237765,"Sedang
(2.5-4m)",Tinggi,9
Rock Track 63,Artist_rock_63,rock,4480470,1530613,273062,"rock, music",7,4.551033333333334,273.062,15.315238732793555,14.241179520055967,2.927237043434857,2.927237043434857,0.521899584175023,"Panjang
(4-6m)",Tinggi,9
Rock Track 64,Artist_rock_64,rock,3280125,1476435,286074,"rock, music",4,4.7679,286.074,15.00339239425665,14.205141633476575,2.2216506506208193,2.2216506506208193,0.375855919693231,"Panjang
(4-6m)",Tinggi,9
Rock Track 65,Artist_rock_65,rock,2270544,1205312,242523,"rock, music",2,4.04205,242.523,14.635530448746776,14.002249842214777,1.8837795659716605,1.8837795659716605,0.2530221437111659,"Panjang
(4-6m)",Sedang,9
Rock Track 66,Artist_rock_66,rock,2956988,879783,258267,"rock, music",6,4.30445,258.267,14.899682078841222,13.687431701780037,3.3610386185700127,3.3610386185700127,0.3365404632122586,"Panjang
(4-6m)",Tinggi,9
Rock Track 67,Artist_rock_67,rock,4518427,2091723,249681,"rock, music",5,4.16135,249.681,15.323674703705658,14.553499164296921,2.1601449330791254,2.1601449330791254,0.5265177392660472,"Panjang
(4-6m)",Tinggi,9
Rock Track 68,Artist_rock_68,rock,4331949,2832485,290581,"rock, music",2,4.843016666666666,290.581,15.281528345023482,14.856665329241899,1.5293805512189644,1.5293805512189644,0.5038293201321851,"Panjang
(4-6m)",Tinggi,9
Rock Track 69,Artist_rock_69,rock,1193188,2183936,278458,"rock, music",3,4.6409666666666665,278.458,13.992140112673095,14.596639769277028,0.5463472618486706,0.5463472618486706,0.12194231400266917,"Panjang
(4-6m)",Rendah,9
Rock Track 70,Artist_rock_70,rock,2739559,1648628,184480,"rock, music",7,3.074666666666667,184.48,14.823307881527665,14.315454591389553,1.6617195257392658,1.6617195257392658,0.310086295514962,"Sedang
(2.5-4m)",Sedang,9
Rock Track 71,Artist_rock_71,rock,1741289,1933579,223974,"rock, music",4,3.7329,223.974,14.37013677581517,14.474883764917006,0.9005518261463192,0.9005518261463192,0.1886287071197602,"Sedang
(2.5-4m)",Sedang,9
Rock Track 72,Artist_rock_72,rock,2561587,1740532,286314,"rock, music",4,4.7719,286.314,14.756137936641473,14.369701946122836,1.4717256150845748,1.4717256150845748,0.28843278501993475,"Panjang
(4-6m)",Sedang,9
Rock Track 73,Artist_rock_73,rock,3213591,1789965,221039,"rock, music",4,3.6839833333333334,221.039,14.982899872604145,14.397707183223133,1.7953363359974435,1.7953363359974435,0.3677608560468364,"Sedang
(2.5-4m)",Tinggi,9
Rock Track 74,Artist_rock_74,rock,2520677,1935252,283272,"rock, music",4,4.7212,283.272,14.740038470919833,14.475748625253072,1.3025051504893674,1.3025051504893674,0.2834553441059058,"Panjang
(4-6m)",Sedang,9
Rock Track 75,Artist_rock_75,rock,1497535,1923848,223495,"rock, music",7,3.7249166666666667,223.495,14.219331648749561,14.469838424799407,0.7784056856853111,0.7784056856853111,0.1589716273701093,"Sedang
(2.5-4m)",Rendah,9
Rock Track 76,Artist_rock_76,rock,3513538,1202756,275544,"rock, music",5,4.5924,275.544,15.072134349595476,14.000126979540607,2.921236791804163,2.921236791804163,0.40425482988795713,"Panjang
(4-6m)",Tinggi,9
Rock Track 77,Artist_rock_77,rock,2587242,1501989,189028,"rock, music",6,3.1504666666666665,189.028,14.766103387951341,14.22230145349444,1.7225427599384817,1.7225427599384817,0.2915541794625994,"Sedang
(2.5-4m)",Sedang,9
Rock Track 78,Artist_rock_78,rock,3717962,2033468,250431,"rock, music",6,4.17385,250.431,15.128686495627134,14.525253759561137,1.828383909467024,1.828383909467024,0.4291267042807574,"Panjang
(4-6m)",Tinggi,9
Rock Track 79,Artist_rock_79,rock,2413347,1677722,215583,"rock, music",3,3.59305,215.583,14.696525553023388,14.33294807490932,1.4384657061982222,1.4384657061982222,0.2703967097059368,"Sedang
(2.5-4m)",Sedang,9
Rock Track 80,Artist_rock_80,rock,2653900,1355467,280410,"rock, music",6,4.6735,280.41,14.791541190993165,14.119657340117296,1.9579215444407392,1.9579215444407392,0.2996643299501903,"Panjang
(4-6m)",Sedang,9
Jazz Track 1,Artist_jazz_1,jazz,978497,347178,371536,"jazz, music",2,6.192266666666667,371.536,13.793774021871366,12.757595776068142,2.818422197195107,2.818422197195107,0.0958212734924322,"Sangat Panjang
(>6m)",Rendah,5
Jazz Track 2,Artist_jazz_2,jazz,1139354,568958,345752,"jazz, music",3,5.762533333333334,345.752,13.94597287077773,13.251563654273276,2.002523907698094,2.002523907698094,0.11539243489815107,"Panjang
(4-6m)",Rendah,5
Jazz Track 3,Artist_jazz_3,jazz,1111343,410290,323463,"jazz, music",7,5.39105,323.463,13.92108065165909,12.924621943020309,2.708670187744796,2.708670187744796,0.11198439047275713,"Panjang
(4-6m)",Rendah,5
Jazz Track 4,Artist_jazz_4,jazz,953296,581044,347854,"jazz, music",5,5.7975666666666665,347.854,13.767681781513538,13.27258348550256,1.640657780378456,1.640657780378456,0.09275511635543772,"Panjang
(4-6m)",Rendah,5
Jazz Track 5,Artist_jazz_5,jazz,904456,453122,341739,"jazz, music",3,5.69565,341.739,13.715090042610031,13.023918890788233,1.9960496377363321,1.9960496377363321,0.08681284761329215,"Panjang
(4-6m)",Rendah,5
Jazz Track 6,Artist_jazz_6,jazz,1310476,459888,344324,"jazz, music",3,5.738733333333333,344.324,14.085901751038362,13.038740434998873,2.8495484780023004,2.8495484780023004,0.1362125190851583,"Panjang
(4-6m)",Rendah,5
Jazz Track 7,Artist_jazz_7,jazz,1360364,439740,238475,"jazz, music",4,3.9745833333333334,238.475,14.123263604057074,12.993941196216408,3.0935573439820256,3.0935573439820256,0.14228229596902722,"Sedang
(2.5-4m)",Rendah,5
Jazz Track 8,Artist_jazz_8,jazz,697574,607503,408338,"jazz, music",2,6.805633333333334,408.338,13.455365313778778,13.317114038537303,1.1482623982722748,1.1482623982722748,0.06164191309419799,"Sangat Panjang
(>6m)",Rendah,5
Jazz Track 9,Artist_jazz_9,jazz,1098078,468148,353176,"jazz, music",4,5.886266666666667,353.176,13.909072847461587,13.056541900297255,2.3455737382756343,2.3455737382756343,0.11037046346897825,"Panjang
(4-6m)",Rendah,5
Jazz Track 10,Artist_jazz_10,jazz,336659,156980,377299,"jazz, music",4,6.288316666666667,377.299,12.726828797973072,11.963880057898761,2.1445843764532015,2.1445843764532015,0.017730080107476714,"Sangat Panjang
(>6m)",Rendah,5
Jazz Track 11,Artist_jazz_11,jazz,556424,673019,333539,"jazz, music",6,5.558983333333333,333.539,13.229287669725837,13.419530325867324,0.8267570057353422,0.8267570057353422,0.044468464426019316,"Panjang
(4-6m)",Rendah,5
Jazz Track 12,Artist_jazz_12,jazz,875413,757513,318706,"jazz, music",4,5.311766666666666,318.706,13.682452196300106,13.537797298043058,1.1556393677212566,1.1556393677212566,0.08327924173536148,"Panjang
(4-6m)",Rendah,5
Jazz Track 13,Artist_jazz_13,jazz,853781,561788,276344,"jazz, music",2,4.605733333333333,276.344,13.657431170863106,13.238881613538911,1.519753857765104,1.519753857765104,0.08064731795505656,"Panjang
(4-6m)",Rendah,5
Jazz Track 14,Artist_jazz_14,jazz,754899,511842,300893,"jazz, music",3,5.014883333333334,300.893,13.534340569127716,13.145773216372795,1.47486436270497,1.47486436270497,0.0686165354456209,"Panjang
(4-6m)",Rendah,5
Jazz Track 15,Artist_jazz_15,jazz,1492628,495249,323481,"jazz, music",5,5.39135,323.481,14.216049552674654,13.112817964560797,3.0138879353861685,3.0138879353861685,0.158374602130189,"Panjang
(4-6m)",Rendah,5
Jazz Track 16,Artist_jazz_16,jazz,715797,840398,282654,"jazz, music",6,4.7109,282.654,13.481153283233601,13.641632058042708,0.8517347117262157,0.8517347117262157,0.06385907040967953,"Panjang
(4-6m)",Rendah,5
Jazz Track 17,Artist_jazz_17,jazz,694414,948482,376570,"jazz, music",4,6.276166666666667,376.57,13.45082504347746,13.762619145160214,0.7321312031949967,0.7321312031949967,0.061257441979841315,"Sangat Panjang
(>6m)",Rendah,5
Jazz Track 18,Artist_jazz_18,jazz,857923,709420,360344,"jazz, music",5,6.005733333333334,360.344,13.66227079645825,13.472204423364484,1.2093284523576269,1.2093284523576269,0.08115126711824179,"Sangat Panjang
(>6m)",Rendah,5
Jazz Track 19,Artist_jazz_19,jazz,1215429,736733,272888,"jazz, music",3,4.548133333333333,272.888,14.010608481610623,13.509982183363784,1.6497528280220541,1.6497528280220541,0.12464833364013969,"Panjang
(4-6m)",Rendah,5
Jazz Track 20,Artist_jazz_20,jazz,795921,528222,425742,"jazz, music",2,7.0957,425.742,13.587256470075442,13.17727382200923,1.506789745997429,1.506789745997429,0.07360760318395618,"Sangat Panjang
(>6m)",Rendah,5
Jazz Track 21,Artist_jazz_21,jazz,1260354,360302,284978,"jazz, music",5,4.749633333333334,284.978,14.046903985276447,12.794700623096192,3.498039150381762,3.498039150381762,0.1301142718719351,"Panjang
(4-6m)",Rendah,5
Jazz Track 22,Artist_jazz_22,jazz,1061383,682221,346897,"jazz, music",3,5.781616666666666,346.897,13.875084274832313,13.433110397054154,1.5557736338024866,1.5557736338024866,0.10590585348754844,"Panjang
(4-6m)",Rendah,5
Jazz Track 23,Artist_jazz_23,jazz,811774,426614,336753,"jazz, music",2,5.61255,336.753,13.606978487150233,12.96363724614525,1.9028257328035816,1.9028257328035816,0.07553640716367022,"Panjang
(4-6m)",Rendah,5
Jazz Track 24,Artist_jazz_24,jazz,883213,509461,363767,"jazz, music",6,6.062783333333333,363.767,13.69132280582861,13.141110545939036,1.733618994154618,1.733618994154618,0.08422825271383683,"Sangat Panjang
(>6m)",Rendah,5
Jazz Track 25,Artist_jazz_25,jazz,1419149,397299,344648,"jazz, music",3,5.744133333333333,344.648,14.1655686588007,12.89244694180269,3.5719833878681095,3.5719833878681095,0.14943455370872885,"Panjang
(4-6m)",Rendah,5
Jazz Track 26,Artist_jazz_26,jazz,810876,348939,253805,"jazz, music",2,4.230083333333333,253.805,13.60587165698372,12.762655266633892,2.323826445807302,2.323826445807302,0.0754271492330714,"Panjang
(4-6m)",Rendah,5
Jazz Track 27,Artist_jazz_27,jazz,533275,82483,326454,"jazz, music",4,5.4409,326.454,13.18679439276336,11.320359614120157,6.465193249599922,6.465193249599922,0.04165197017720834,"Panjang
(4-6m)",Rendah,5
Jazz Track 28,Artist_jazz_28,jazz,1232641,331905,314038,"jazz, music",2,5.233966666666666,314.038,14.024670391244221,12.712607075278923,3.713825601224443,3.713825601224443,0.12674248453264192,"Panjang
(4-6m)",Rendah,5
Jazz Track 29,Artist_jazz_29,jazz,190934,492922,310762,"jazz, music",4,5.179366666666667,310.762,12.159688334972644,13.108108254213851,0.3873505598237453,0.3873505598237453,0.0,"Panjang
(4-6m)",Rendah,5
Jazz Track 30,Artist_jazz_30,jazz,1208861,348174,340666,"jazz, music",5,5.677766666666667,340.666,14.005189979161422,12.760460505921293,3.471992532490845,3.471992532490845,0.12384921772903379,"Panjang
(4-6m)",Rendah,5
Jazz Track 31,Artist_jazz_31,jazz,1682995,256158,324394,"jazz, music",2,5.4065666666666665,324.394,14.336086096461859,12.453553624412804,6.570118559176136,6.570118559176136,0.1815361884044729,"Panjang
(4-6m)",Sedang,5
Jazz Track 32,Artist_jazz_32,jazz,1338894,341700,275282,"jazz, music",7,4.588033333333334,275.282,14.107355204869656,12.741691364642852,3.9183204029253647,3.9183204029253647,0.13967008241673678,"Panjang
(4-6m)",Rendah,5
Jazz Track 33,Artist_jazz_33,jazz,765236,602445,315406,"jazz, music",6,5.256766666666667,315.406,13.547940868750915,13.30875331377423,1.2702150898171787,1.2702150898171787,0.06987421832824904,"Panjang
(4-6m)",Rendah,5
Jazz Track 34,Artist_jazz_34,jazz,1046510,285561,378615,"jazz, music",4,6.31025,378.615,13.860972332040852,12.562214447373913,3.6647383055168405,3.6647383055168405,0.10409628422051465,"Sangat Panjang
(>6m)",Rendah,5
Jazz Track 35,Artist_jazz_35,jazz,1416574,101316,236864,"jazz, music",7,3.9477333333333333,236.864,14.16375254425662,11.526009494518151,13.98160229773878,13.98160229773878,0.1491212584177578,"Sedang
(2.5-4m)",Rendah,5
Jazz Track 36,Artist_jazz_36,jazz,627807,447488,329531,"jazz, music",6,5.492183333333333,329.531,13.349989666220555,13.011407235389342,1.4029551564395997,1.4029551564395997,0.05315349656403276,"Panjang
(4-6m)",Rendah,5
Jazz Track 37,Artist_jazz_37,jazz,1032919,473434,340551,"jazz, music",3,5.67585,340.551,13.847900300765925,13.067769906577931,2.181754623126723,2.181754623126723,0.10244269342455845,"Panjang
(4-6m)",Rendah,5
Jazz Track 38,Artist_jazz_38,jazz,911690,446682,317216,"jazz, music",5,5.286933333333334,317.216,13.723056395855957,13.009604449754601,2.041022380524891,2.041022380524891,0.08769299446179095,"Panjang
(4-6m)",Rendah,5
Jazz Track 39,Artist_jazz_39,jazz,1366661,174228,289179,"jazz, music",6,4.81965,289.179,14.12788182836645,12.068125804860792,7.844050072031637,7.844050072031637,0.1430484398320348,"Panjang
(4-6m)",Rendah,5
Jazz Track 40,Artist_jazz_40,jazz,812791,244253,360413,"jazz, music",6,6.006883333333334,360.413,13.608230513238231,12.405963946434188,3.3276466301473056,3.3276466301473056,0.0756601435950945,"Sangat Panjang
(>6m)",Rendah,5
Jazz Track 41,Artist_jazz_41,jazz,1150143,342752,305972,"jazz, music",7,5.0995333333333335,305.972,13.955397709891693,12.744765350121485,3.3556030144156286,3.3556030144156286,0.11670511175030113,"Panjang
(4-6m)",Rendah,5
Jazz Track 42,Artist_jazz_42,jazz,931235,688961,336812,"jazz, music",5,5.613533333333334,336.812,13.744268015005854,13.442941396080071,1.3516492927040968,1.3516492927040968,0.09007099697131664,"Panjang
(4-6m)",Rendah,5
Jazz Track 43,Artist_jazz_43,jazz,492020,365711,329237,"jazz, music",2,5.487283333333333,329.237,13.106276677490385,12.8096014173809,1.3453755960974756,1.3453755960974756,0.03663255377759296,"Panjang
(4-6m)",Rendah,5
Jazz Track 44,Artist_jazz_44,jazz,785207,550110,269955,"jazz, music",5,4.49925,269.955,13.573703929819551,13.217875355027923,1.4273610235025296,1.4273610235025296,0.07230405143736839,"Panjang
(4-6m)",Rendah,5
Jazz Track 45,Artist_jazz_45,jazz,1158215,540460,260053,"jazz, music",3,4.334216666666666,260.053,13.96239144821821,13.200177758046417,2.1430130943768377,2.1430130943768377,0.11768721644494892,"Panjang
(4-6m)",Rendah,5
Jazz Track 46,Artist_jazz_46,jazz,1341747,451577,316126,"jazz, music",5,5.268766666666667,316.126,14.109483799447318,13.020503394393407,2.9712408487570254,2.9712408487570254,0.14001720143232527,"Panjang
(4-6m)",Rendah,5
Jazz Track 47,Artist_jazz_47,jazz,615871,764874,236722,"jazz, music",5,3.9453666666666667,236.722,13.330794428716073,13.547467700764841,0.8051916979898677,0.8051916979898677,0.05170126643081717,"Sedang
(2.5-4m)",Rendah,5
Jazz Track 48,Artist_jazz_48,jazz,1508936,447714,330298,"jazz, music",7,5.504966666666666,330.298,14.226915987375468,13.01191214824675,3.3703047697754154,3.3703047697754154,0.16035876508364744,"Panjang
(4-6m)",Rendah,5
Jazz Track 49,Artist_jazz_49,jazz,1291546,496430,306571,"jazz, music",4,5.109516666666667,306.571,14.071351282648356,13.115199780000081,2.6016626681250767,2.6016626681250767,0.13390934244124317,"Panjang
(4-6m)",Rendah,5
Jazz Track 50,Artist_jazz_50,jazz,1403813,756852,323507,"jazz, music",3,5.391783333333334,323.507,14.154703376159345,13.536924325980173,1.8548027159831566,1.8548027159831566,0.14756865212335735,"Panjang
(4-6m)",Rendah,5
Jazz Track 51,Artist_jazz_51,jazz,595544,612815,326834,"jazz, music",5,5.447233333333333,326.834,13.297232231673098,13.325820006728241,0.9718153573013759,0.9718153573013759,0.04922811948729561,"Panjang
(4-6m)",Rendah,5
Jazz Track 52,Artist_jazz_52,jazz,944804,666896,366057,"jazz, music",7,6.10095,366.057,13.758733835976605,13.410390890184729,1.4167165244408058,1.4167165244408058,0.09172191106964124,"Sangat Panjang
(>6m)",Rendah,5
Jazz Track 53,Artist_jazz_53,jazz,511122,584043,400222,"jazz, music",3,6.670366666666666,400.222,13.14436554472214,13.277731601438017,0.8751429686804418,0.8751429686804418,0.038956657330264224,"Sangat Panjang
(>6m)",Rendah,5
Jazz Track 54,Artist_jazz_54,jazz,1215277,416696,332568,"jazz, music",7,5.5428,332.568,14.010483415168913,12.940114617960583,2.9164524822592917,2.9164524822592917,0.12462984009286682,"Panjang
(4-6m)",Rendah,5
Jazz Track 55,Artist_jazz_55,jazz,1076808,648807,386618,"jazz, music",3,6.4436333333333335,386.618,13.88951259593574,13.382892112163548,1.6596712740903319,1.6596712740903319,0.10778258353152051,"Sangat Panjang
(>6m)",Rendah,5
Jazz Track 56,Artist_jazz_56,jazz,1304311,477317,352263,"jazz, music",5,5.87105,352.263,14.081186256653398,13.07593821441364,2.7325828902325076,2.7325828902325076,0.13546243540794028,"Panjang
(4-6m)",Rendah,5
Jazz Track 57,Artist_jazz_57,jazz,874388,719796,334863,"jazz, music",2,5.58105,334.863,13.681280635710442,13.486724506793987,1.2147702755082335,1.2147702755082335,0.0831545319593439,"Panjang
(4-6m)",Rendah,5
Jazz Track 58,Artist_jazz_58,jazz,964480,529160,289784,"jazz, music",3,4.829733333333333,289.784,13.77934541180781,13.179048012362118,1.8226588883156545,1.8226588883156545,0.09411585209688235,"Panjang
(4-6m)",Rendah,5
Jazz Track 59,Artist_jazz_59,jazz,1247324,482351,349921,"jazz, music",7,5.832016666666667,349.921,14.03651181620645,13.08642941695685,2.5859206554549377,2.5859206554549377,0.12852893686558467,"Panjang
(4-6m)",Rendah,5
Jazz Track 60,Artist_jazz_60,jazz,1450291,813958,307817,"jazz, music",7,5.130283333333334,307.817,14.18727547343301,13.60966527516577,1.781774020558775,1.781774020558775,0.1532235408743287,"Panjang
(4-6m)",Rendah,5
Jazz Track 61,Artist_jazz_61,jazz,985057,332853,331910,"jazz, music",4,5.531833333333333,331.91,13.800455801669406,12.715459234381907,2.959426655530653,2.959426655530653,0.0966194160589448,"Panjang
(4-6m)",Rendah,5
Jazz Track 62,Artist_jazz_62,jazz,484137,414551,324880,"jazz, music",7,5.414666666666666,324.88,13.090125269025597,12.93495369804123,1.1678559022752273,1.1678559022752273,0.03567344434896205,"Panjang
(4-6m)",Rendah,5
Jazz Track 63,Artist_jazz_63,jazz,855963,846602,269279,"jazz, music",2,4.487983333333333,269.279,13.65998359816473,13.648987150648791,1.0110559494828155,1.0110559494828155,0.08091279769288133,"Panjang
(4-6m)",Rendah,5
Jazz Track 64,Artist_jazz_64,jazz,601256,797980,318109,"jazz, music",3,5.301816666666666,318.109,13.306777742745979,13.589840066624685,0.7534715738845912,0.7534715738845912,0.049923087526917556,"Panjang
(4-6m)",Rendah,5
Jazz Track 65,Artist_jazz_65,jazz,760914,489694,307688,"jazz, music",4,5.128133333333333,307.688,13.54227693546748,13.101538027305427,1.5538529084430104,1.5538529084430104,0.06934836891171438,"Panjang
(4-6m)",Rendah,5
Jazz Track 66,Artist_jazz_66,jazz,802330,489895,344826,"jazz, music",5,5.7471,344.826,13.595276519908408,13.101948402661714,1.6377557685712887,1.6377557685712887,0.07438737387127008,"Panjang
(4-6m)",Rendah,5
Jazz Track 67,Artist_jazz_67,jazz,1319370,519064,352667,"jazz, music",6,5.877783333333333,352.667,14.092665665841613,13.15978439515383,2.541820388583318,2.541820388583318,0.13729463493676852,"Panjang
(4-6m)",Rendah,5
Jazz Track 68,Artist_jazz_68,jazz,1185598,626443,338367,"jazz, music",2,5.63945,338.367,13.985758690068813,13.34781466384828,1.8925841735254867,1.8925841735254867,0.12101885331976817,"Panjang
(4-6m)",Rendah,5
Jazz Track 69,Artist_jazz_69,jazz,1080115,611491,308667,"jazz, music",3,5.14445,308.667,13.892579000740048,13.323657151439976,1.7663599850856593,1.7663599850856593,0.10818493985277922,"Panjang
(4-6m)",Rendah,5
Jazz Track 70,Artist_jazz_70,jazz,1036616,624123,325353,"jazz, music",7,5.42255,325.353,13.851473084371742,13.344104345558486,1.660913536412636,1.660913536412636,0.10289250029474092,"Panjang
(4-6m)",Rendah,5
Jazz Track 71,Artist_jazz_71,jazz,1107257,412802,312288,"jazz, music",4,5.2048,312.288,13.91739724686659,12.930725760564943,2.6822891306506977,2.6822891306506977,0.11148725472172505,"Panjang
(4-6m)",Rendah,5
Jazz Track 72,Artist_jazz_72,jazz,953788,495138,347260,"jazz, music",7,5.7876666666666665,347.26,13.768197751963653,13.112593810212426,1.9263035228491394,1.9263035228491394,0.09281497704792617,"Panjang
(4-6m)",Rendah,5
Jazz Track 73,Artist_jazz_73,jazz,979937,401324,407642,"jazz, music",7,6.794033333333333,407.642,13.795244583339299,12.902526851847615,2.441754189248116,2.441754189248116,0.09599647551922764,"Sangat Panjang
(>6m)",Rendah,5
Jazz Track 74,Artist_jazz_74,jazz,1102020,289853,340041,"jazz, music",5,5.66735,340.041,13.91265632477477,12.57713262691416,3.8019830673373494,3.8019830673373494,0.1108500790173308,"Panjang
(4-6m)",Rendah,5
Jazz Track 75,Artist_jazz_75,jazz,1305666,493550,218826,"jazz, music",5,3.6471,218.826,14.082224579277247,13.10938147598115,2.6454530534838345,2.6454530534838345,0.13562729564843184,"Sedang
(2.5-4m)",Rendah,5
Jazz Track 76,Artist_jazz_76,jazz,1389453,701597,332712,"jazz, music",5,5.5452,332.712,14.14442142218309,13.461115869408909,1.9804118597829525,1.9804118597829525,0.1458214985783694,"Panjang
(4-6m)",Rendah,5
Jazz Track 77,Artist_jazz_77,jazz,804824,657955,354710,"jazz, music",3,5.911833333333333,354.71,13.598380141463437,13.396893338770692,1.2232185738863997,1.2232185738863997,0.07469081404823386,"Panjang
(4-6m)",Rendah,5
Jazz Track 78,Artist_jazz_78,jazz,1084909,468297,359834,"jazz, music",4,5.997233333333333,359.834,13.897007592207457,13.05686012439591,2.316706456145446,2.316706456145446,0.10876821660031905,"Panjang
(4-6m)",Rendah,5
Jazz Track 79,Artist_jazz_79,jazz,1024685,661253,299308,"jazz, music",6,4.988466666666667,299.308,13.8398967821591,13.401893311285688,1.5496087736331274,1.5496087736331274,0.10144087850189615,"Panjang
(4-6m)",Rendah,5
Jazz Track 80,Artist_jazz_80,jazz,1422804,891585,293985,"jazz, music",5,4.89975,293.985,14.16814083324762,13.700757178262002,1.595812406206468,1.595812406206468,0.14987925051979645,"Panjang
(4-6m)",Rendah,5
Electronic Track 1,Artist_electronic_1,electronic,2165873,3208178,343182,"electronic, music",7,5.7197,343.182,14.58833453310588,14.981214044416879,0.6751097741117313,0.6751097741117313,0.24028702472039765,"Panjang
(4-6m)",Sedang,2
Electronic Track 2,Artist_electronic_2,electronic,2107854,2228142,274613,"electronic, music",7,4.576883333333333,274.613,14.561181400698805,14.61667906109354,0.9460137881635066,0.9460137881635066,0.23322796472550528,"Panjang
(4-6m)",Sedang,2
Electronic Track 3,Artist_electronic_3,electronic,2840922,2732756,216347,"electronic, music",6,3.605783333333333,216.347,14.85963955733633,14.820821547675077,1.0395809067546071,1.0395809067546071,0.3224189365163973,"Sedang
(2.5-4m)",Sedang,2
Electronic Track 4,Artist_electronic_4,electronic,2977473,2210836,289368,"electronic, music",2,4.8228,289.368,14.906585848015617,14.608881734824358,1.346762787125419,1.346762787125419,0.339032833711498,"Panjang
(4-6m)",Tinggi,2
Electronic Track 5,Artist_electronic_5,electronic,1784905,2049688,302523,"electronic, music",7,5.04205,302.523,14.394876310744808,14.5331986322888,0.8708174752364871,0.8708174752364871,0.19393538184247563,"Panjang
(4-6m)",Sedang,2
Electronic Track 6,Artist_electronic_6,electronic,1350604,2791404,288304,"electronic, music",3,4.805066666666667,288.304,14.11606319817437,14.842055611270954,0.4838437990904222,0.4838437990904222,0.1410948155651914,"Panjang
(4-6m)",Rendah,2
Electronic Track 7,Artist_electronic_7,electronic,3375327,3320591,217201,"electronic, music",3,3.620016666666667,217.201,15.032003062751778,15.015653638249765,1.0164835065554576,1.0164835065554576,0.387438963689745,"Sedang
(2.5-4m)",Tinggi,2
Electronic Track 8,Artist_electronic_8,electronic,2555472,1955358,275838,"electronic, music",3,4.5973,275.838,14.753747891687581,14.486084366256918,1.3069068135314283,1.3069068135314283,0.2876887847464249,"Panjang
(4-6m)",Sedang,2
Electronic Track 9,Artist_electronic_9,electronic,2021959,3030992,336820,"electronic, music",7,5.613666666666667,336.82,14.51957789597321,14.924400846568451,0.667094579235254,0.667094579235254,0.22277728549523107,"Panjang
(4-6m)",Sedang,2
Electronic Track 10,Artist_electronic_10,electronic,2071940,3732488,253362,"electronic, music",6,4.2227,253.362,14.543996407052617,15.132585861304737,0.5551094725262419,0.5551094725262419,0.2288583775099972,"Panjang
(4-6m)",Sedang,2
Electronic Track 11,Artist_electronic_11,electronic,4268032,2862646,246395,"electronic, music",2,4.106583333333333,246.395,15.266663623332652,14.867257279237865,1.4909389806008215,1.4909389806008215,0.4960526618358764,"Panjang
(4-6m)",Tinggi,2
Electronic Track 12,Artist_electronic_12,electronic,2623523,1232881,251357,"electronic, music",6,4.189283333333333,251.357,14.78002901015168,14.02486507602584,2.1279595289735758,2.1279595289735758,0.2959684188613256,"Panjang
(4-6m)",Sedang,2
Electronic Track 13,Artist_electronic_13,electronic,2714399,2458244,306341,"electronic, music",4,5.105683333333333,306.341,14.814081492452157,14.71495823867308,1.1042019814949282,1.1042019814949282,0.3070251267690082,"Panjang
(4-6m)",Sedang,2
Electronic Track 14,Artist_electronic_14,electronic,4007653,1586902,245863,"electronic, music",7,4.097716666666667,245.863,15.203716590675109,14.277294876027439,2.5254555571449546,2.5254555571449546,0.4643728503532572,"Panjang
(4-6m)",Tinggi,2
Electronic Track 15,Artist_electronic_15,electronic,3163075,1596911,246363,"electronic, music",5,4.10605,246.363,14.967055529820811,14.283582322360184,1.9807447122947288,1.9807447122947288,0.3616146716123928,"Panjang
(4-6m)",Tinggi,2
Electronic Track 16,Artist_electronic_16,electronic,2493791,2263085,321218,"electronic, music",4,5.353633333333334,321.218,14.729315001583748,14.63223992654494,1.1019426570620825,1.1019426570620825,0.28018417626394576,"Panjang
(4-6m)",Sedang,2
Electronic Track 17,Artist_electronic_17,electronic,2132920,2933906,307275,"electronic, music",6,5.12125,307.275,14.573002959730562,14.89184553984118,0.7269896421393044,0.7269896421393044,0.2362776966724877,"Panjang
(4-6m)",Sedang,2
Electronic Track 18,Artist_electronic_18,electronic,3885030,2339551,349252,"electronic, music",5,5.820866666666666,349.252,15.17264152116003,14.665470016012968,1.660587155147652,1.660587155147652,0.4494535460951058,"Panjang
(4-6m)",Tinggi,2
Electronic Track 19,Artist_electronic_19,electronic,3115361,2574071,322666,"electronic, music",4,5.377766666666667,322.666,14.951855915329624,14.76099963877497,1.2102851046901564,1.2102851046901564,0.35580940112175535,"Panjang
(4-6m)",Tinggi,2
Electronic Track 20,Artist_electronic_20,electronic,3376971,1798979,299222,"electronic, music",4,4.987033333333334,299.222,15.032490007950447,14.402730395583491,1.8771587232765234,1.8771587232765234,0.3876389860036698,"Panjang
(4-6m)",Tinggi,2
Electronic Track 21,Artist_electronic_21,electronic,2468783,2606766,258324,"electronic, music",3,4.3054,258.324,14.719236279688632,14.773621314161216,0.9470669990835391,0.9470669990835391,0.27714150106526486,"Panjang
(4-6m)",Sedang,2
Electronic Track 22,Artist_electronic_22,electronic,2979168,2514406,296016,"electronic, music",6,4.9336,296.016,14.907154960532766,14.737547548425985,1.1848392086086301,1.1848392086086301,0.33923906109720514,"Panjang
(4-6m)",Tinggi,2
Electronic Track 23,Artist_electronic_23,electronic,1913428,1821882,270069,"electronic, music",2,4.50115,270.069,14.464407478377682,14.415381139591972,1.0502474637504164,1.0502474637504164,0.20957252773819174,"Panjang
(4-6m)",Sedang,2
Electronic Track 24,Artist_electronic_24,electronic,2053832,1322673,309850,"electronic, music",5,5.164166666666667,309.85,14.535218361394051,14.09516600305826,1.5527877617614014,1.5527877617614014,0.22665521202304445,"Panjang
(4-6m)",Sedang,2
Electronic Track 25,Artist_electronic_25,electronic,2206796,1784743,278143,"electronic, music",3,4.635716666666666,278.143,14.607052700945014,14.394785545543677,1.2364776124755148,1.2364776124755148,0.24526604731939078,"Panjang
(4-6m)",Sedang,2
Electronic Track 26,Artist_electronic_26,electronic,2252563,3044373,222340,"electronic, music",7,3.7056666666666667,222.34,14.627579680935575,14.928805855068244,0.739910076751411,0.739910076751411,0.2508344300696319,"Sedang
(2.5-4m)",Sedang,2
Electronic Track 27,Artist_electronic_27,electronic,3077818,2687671,300745,"electronic, music",5,5.012416666666667,300.745,14.93973178723346,14.804185949370142,1.1451613143270458,1.1451613143270458,0.3512416166134349,"Panjang
(4-6m)",Tinggi,2
Electronic Track 28,Artist_electronic_28,electronic,2031469,2953658,238939,"electronic, music",7,3.9823166666666667,238.939,14.524270226887637,14.898555298714129,0.6877804783829142,0.6877804783829142,0.223934348880526,"Sedang
(2.5-4m)",Sedang,2
Electronic Track 29,Artist_electronic_29,electronic,2324506,3471859,256538,"electronic, music",4,4.275633333333333,256.538,14.659018531508544,15.060201031368756,0.6695275731164275,0.6695275731164275,0.2595875963291769,"Panjang
(4-6m)",Sedang,2
Electronic Track 30,Artist_electronic_30,electronic,3933103,2480124,258967,"electronic, music",6,4.316116666666667,258.967,15.18493949398323,14.723819520096772,1.5858486971422812,1.5858486971422812,0.45530249542436796,"Panjang
(4-6m)",Tinggi,2
Electronic Track 31,Artist_electronic_31,electronic,3674143,2190015,257792,"electronic, music",7,4.2965333333333335,257.792,15.116830738327726,14.599419407702069,1.6776786105672288,1.6776786105672288,0.4237953309389868,"Panjang
(4-6m)",Tinggi,2
Electronic Track 32,Artist_electronic_32,electronic,3910867,2688696,278078,"electronic, music",4,4.634633333333333,278.078,15.17926990220924,14.804567247607826,1.4545584720033533,1.4545584720033533,0.4525970841272683,"Panjang
(4-6m)",Tinggi,2
Electronic Track 33,Artist_electronic_33,electronic,1577597,2114957,305945,"electronic, music",5,5.099083333333334,305.945,14.271413995081225,14.56454551210931,0.7459235597113513,0.7459235597113513,0.16871261672378782,"Panjang
(4-6m)",Rendah,2
Electronic Track 34,Artist_electronic_34,electronic,3240481,2544882,303112,"electronic, music",5,5.051866666666666,303.112,14.991232642136131,14.749595234414905,1.2733320156565155,1.2733320156565155,0.37103251056109304,"Panjang
(4-6m)",Tinggi,2
Electronic Track 35,Artist_electronic_35,electronic,1539771,2818826,306008,"electronic, music",6,5.100133333333333,306.008,14.247144911480989,14.851831398933191,0.5462452999066633,0.5462452999066633,0.1641104001504791,"Panjang
(4-6m)",Rendah,2
Electronic Track 36,Artist_electronic_36,electronic,2425618,1411543,346405,"electronic, music",2,5.773416666666667,346.405,14.701597307512968,14.160194698701341,1.7184147288359413,1.7184147288359413,0.2718896986439972,"Panjang
(4-6m)",Sedang,2
Electronic Track 37,Artist_electronic_37,electronic,1114920,1854287,326539,"electronic, music",3,5.442316666666667,326.539,13.924294108348295,14.433011352849784,0.6012658227848101,0.6012658227848101,0.11241959717403999,"Panjang
(4-6m)",Rendah,2
Electronic Track 38,Artist_electronic_38,electronic,1803000,1395270,337750,"electronic, music",5,5.629166666666666,337.75,14.40496305681647,14.14859921960353,1.2922220844552779,1.2922220844552779,0.19613696564446426,"Panjang
(4-6m)",Sedang,2
Electronic Track 39,Artist_electronic_39,electronic,2879126,2214697,290786,"electronic, music",6,4.846433333333334,290.786,14.87299768116046,14.610626609050682,1.3000083984362654,1.3000083984362654,0.32706714362173983,"Panjang
(4-6m)",Sedang,2
Electronic Track 40,Artist_electronic_40,electronic,2327457,2127748,232534,"electronic, music",3,3.875566666666667,232.534,14.660287242857763,14.57057517135907,1.0938588151140007,1.0938588151140007,0.2599466388160334,"Sedang
(2.5-4m)",Sedang,2
Electronic Track 41,Artist_electronic_41,electronic,2982042,3124914,287860,"electronic, music",7,4.797666666666666,287.86,14.908119194055304,14.954917640782712,0.954279396399582,0.954279396399582,0.3395887351423511,"Panjang
(4-6m)",Tinggi,2
Electronic Track 42,Artist_electronic_42,electronic,3031752,3331987,340041,"electronic, music",5,5.66735,340.041,14.92465155804605,15.01907968082181,0.9098928327472968,0.9098928327472968,0.34563685510901887,"Panjang
(4-6m)",Tinggi,2
Electronic Track 43,Artist_electronic_43,electronic,1481296,2022226,250366,"electronic, music",7,4.172766666666667,250.366,14.20842861332,14.519709937345375,0.7325072803399421,0.7325072803399421,0.15699585951376815,"Panjang
(4-6m)",Rendah,2
Electronic Track 44,Artist_electronic_44,electronic,2489283,2831078,211288,"electronic, music",4,3.5214666666666665,211.288,14.727505676889601,14.856168469038494,0.8792700592247691,0.8792700592247691,0.2796356965856167,"Sedang
(2.5-4m)",Sedang,2
Electronic Track 45,Artist_electronic_45,electronic,3972116,1976006,293139,"electronic, music",7,4.88565,293.139,15.194809759906729,14.496588699793797,2.0101730408849767,2.0101730408849767,0.46004913200170877,"Panjang
(4-6m)",Tinggi,2
Electronic Track 46,Artist_electronic_46,electronic,2445787,2920073,236254,"electronic, music",2,3.9375666666666667,236.254,14.709877919355266,14.887119516389102,0.8375770614032384,0.8375770614032384,0.2743436220318009,"Sedang
(2.5-4m)",Sedang,2
Electronic Track 47,Artist_electronic_47,electronic,3204886,2801102,267065,"electronic, music",7,4.451083333333333,267.065,14.980187390305053,14.845523826147371,1.1441514289192507,1.1441514289192507,0.36670173546124313,"Panjang
(4-6m)",Tinggi,2
Electronic Track 48,Artist_electronic_48,electronic,2535702,3241698,315094,"electronic, music",3,5.251566666666666,315.094,14.745981474116256,14.991608133043991,0.7822138946274777,0.7822138946274777,0.2852834069202124,"Panjang
(4-6m)",Sedang,2
Electronic Track 49,Artist_electronic_49,electronic,2546877,1710990,261155,"electronic, music",3,4.3525833333333335,261.155,14.750378853324781,14.352583292778673,1.4885390981016264,1.4885390981016264,0.28664304764898957,"Panjang
(4-6m)",Sedang,2
Electronic Track 50,Artist_electronic_50,electronic,3306343,2850223,302100,"electronic, music",3,5.035,302.1,15.011353605186484,14.86290814564752,1.1600291766541857,1.1600291766541857,0.37904581326164977,"Panjang
(4-6m)",Tinggi,2
Electronic Track 51,Artist_electronic_51,electronic,3549516,2853796,282385,"electronic, music",3,4.706416666666667,282.385,15.082322095857068,14.86416094624812,1.243787136926698,1.243787136926698,0.4086322038602117,"Panjang
(4-6m)",Tinggi,2
Electronic Track 52,Artist_electronic_52,electronic,2014797,3082050,302374,"electronic, music",4,5.0395666666666665,302.374,14.516029500198782,14.941105842421587,0.6537195523370638,0.6537195523370638,0.22190589874807204,"Panjang
(4-6m)",Sedang,2
Electronic Track 53,Artist_electronic_53,electronic,4086816,2096516,366235,"electronic, music",7,6.103916666666667,366.235,15.223276985424532,14.55578795431276,1.9493359700875308,1.9493359700875308,0.47400446010826275,"Sangat Panjang
(>6m)",Tinggi,2
Electronic Track 54,Artist_electronic_54,electronic,3379179,3624975,252432,"electronic, music",2,4.2072,252.432,15.033143634475904,15.10335822555934,0.9321934821085712,0.9321934821085712,0.3879076291114228,"Panjang
(4-6m)",Tinggi,2
Electronic Track 55,Artist_electronic_55,electronic,2333565,1420082,306011,"electronic, music",5,5.100183333333334,306.011,14.662908127666054,14.166225878573494,1.6432595841228999,1.6432595841228999,0.26068978741302407,"Panjang
(4-6m)",Sedang,2
Electronic Track 56,Artist_electronic_56,electronic,3675514,1542695,258828,"electronic, music",6,4.3138,258.828,15.117203816865356,14.24904209313999,2.3825264342423913,2.3825264342423913,0.42396213786866493,"Panjang
(4-6m)",Tinggi,2
Electronic Track 57,Artist_electronic_57,electronic,2481734,3669886,349101,"electronic, music",7,5.81835,349.101,14.724468470311612,15.115671429365989,0.6762426200043762,0.6762426200043762,0.2787172242937564,"Panjang
(4-6m)",Sedang,2
Electronic Track 58,Artist_electronic_58,electronic,2827242,2573211,200103,"electronic, music",4,3.33505,200.103,14.854812589826361,14.760665481962173,1.0987209759631154,1.0987209759631154,0.32075451726184057,"Sedang
(2.5-4m)",Sedang,2
Electronic Track 59,Artist_electronic_59,electronic,1654129,2612276,259909,"electronic, music",2,4.331816666666667,259.909,14.318785748816946,14.775732812760255,0.633213476212515,0.633213476212515,0.17802411777566915,"Panjang
(4-6m)",Sedang,2
Electronic Track 60,Artist_electronic_60,electronic,2658696,2008470,294070,"electronic, music",6,4.901166666666667,294.07,14.7933467111183,14.512884294041438,1.3237412937503206,1.3237412937503206,0.3002478500338785,"Panjang
(4-6m)",Sedang,2
Electronic Track 61,Artist_electronic_61,electronic,3199659,2819296,205426,"electronic, music",5,3.423766666666667,205.426,14.978555112125024,14.851998121056043,1.1349137746040945,1.1349137746040945,0.3660657764375905,"Sedang
(2.5-4m)",Tinggi,2
Electronic Track 62,Artist_electronic_62,electronic,1823799,2253249,343209,"electronic, music",3,5.72015,343.209,14.416432794481702,14.627884176418656,0.8094081881726395,0.8094081881726395,0.198667539918991,"Panjang
(4-6m)",Sedang,2
Electronic Track 63,Artist_electronic_63,electronic,2668338,2935874,347357,"electronic, music",5,5.789283333333334,347.357,14.796966739415293,14.892516092878324,0.9088731638778899,0.9088731638778899,0.301420973604963,"Panjang
(4-6m)",Sedang,2
Electronic Track 64,Artist_electronic_64,electronic,2155836,1139637,257089,"electronic, music",4,4.284816666666667,257.089,14.583689605184516,13.946221226083303,1.891684903451798,1.891684903451798,0.2390658422600186,"Panjang
(4-6m)",Sedang,2
Electronic Track 65,Artist_electronic_65,electronic,1833841,1320540,253100,"electronic, music",6,4.218333333333334,253.1,14.42192377759665,14.093552059082453,1.3887043264843726,1.3887043264843726,0.1998893307197409,"Panjang
(4-6m)",Sedang,2
Electronic Track 66,Artist_electronic_66,electronic,786385,1814815,295832,"electronic, music",5,4.930533333333333,295.832,13.57520304501166,14.411494643131583,0.43331390069296283,0.43331390069296283,0.072447376428733,"Panjang
(4-6m)",Rendah,2
Electronic Track 67,Artist_electronic_67,electronic,2742850,2038719,213980,"electronic, music",5,3.566333333333333,213.98,14.824508448356855,14.527832717910261,1.3453784727672264,1.3453784727672264,0.3104867051470341,"Sedang
(2.5-4m)",Sedang,2
Electronic Track 68,Artist_electronic_68,electronic,2462182,3313191,214168,"electronic, music",2,3.5694666666666666,214.168,14.716558912777373,15.013422633119243,0.7431449792224537,0.7431449792224537,0.27633837010771156,"Sedang
(2.5-4m)",Sedang,2
Electronic Track 69,Artist_electronic_69,electronic,1985696,2418747,226996,"electronic, music",5,3.7832666666666666,226.996,14.501480543971747,14.698760608886502,0.8209602653935011,0.8209602653935011,0.2183652361218399,"Sedang
(2.5-4m)",Sedang,2
Electronic Track 70,Artist_electronic_70,electronic,3304789,2775151,230169,"electronic, music",2,3.83615,230.169,15.010883489158395,14.836216078437364,1.1908497264293991,1.1908497264293991,0.3788567410743997,"Sedang
(2.5-4m)",Tinggi,2
Electronic Track 71,Artist_electronic_71,electronic,2149224,2466319,278123,"electronic, music",4,4.635383333333333,278.123,14.5806178700044,14.718237719089,0.871429498199747,0.871429498199747,0.23826137295364946,"Panjang
(4-6m)",Sedang,2
Electronic Track 72,Artist_electronic_72,electronic,2857780,2133268,319821,"electronic, music",3,5.33035,319.821,14.865556007524054,14.573166102957082,1.3396247730595625,1.3396247730595625,0.32447001691064564,"Panjang
(4-6m)",Sedang,2
Electronic Track 73,Artist_electronic_73,electronic,3963275,1838665,273461,"electronic, music",4,4.557683333333333,273.461,15.19258151395646,14.424550866645573,2.155516553849367,2.155516553849367,0.45897346455802923,"Panjang
(4-6m)",Tinggi,2
Electronic Track 74,Artist_electronic_74,electronic,1641116,1365135,219496,"electronic, music",4,3.6582666666666666,219.496,14.310887665519678,14.126764615337724,1.2021630079347405,1.2021630079347405,0.17644085112657948,"Sedang
(2.5-4m)",Sedang,2
Electronic Track 75,Artist_electronic_75,electronic,3135309,3053434,328580,"electronic, music",5,5.476333333333334,328.58,14.958238610733067,14.931777744371104,1.0268137360055152,1.0268137360055152,0.35823643586516896,"Panjang
(4-6m)",Tinggi,2
Electronic Track 76,Artist_electronic_76,electronic,2432858,2967834,273551,"electronic, music",7,4.559183333333333,273.551,14.704577666942045,14.903343288732147,0.8197416635358772,0.8197416635358772,0.27277057550094097,"Panjang
(4-6m)",Sedang,2
Electronic Track 77,Artist_electronic_77,electronic,2305718,2102484,277135,"electronic, music",6,4.618916666666666,277.135,14.65090311635834,14.558630536439939,1.096663234220458,1.096663234220458,0.25730169655179297,"Panjang
(4-6m)",Sedang,2
Electronic Track 78,Artist_electronic_78,electronic,2472083,2146340,238601,"electronic, music",6,3.9766833333333333,238.601,14.720572077564915,14.579275089829059,1.1517661918586095,1.1517661918586095,0.2775430057100044,"Sedang
(2.5-4m)",Sedang,2
Electronic Track 79,Artist_electronic_79,electronic,3786817,2751418,260762,"electronic, music",4,4.346033333333334,260.762,15.14703664657933,14.827627336560532,1.376314185516637,1.376314185516637,0.4375041595272855,"Panjang
(4-6m)",Tinggi,2
Electronic Track 80,Artist_electronic_80,electronic,658656,2848229,293859,"electronic, music",4,4.89765,293.859,13.397958192400784,14.862208306680184,0.231250987455367,0.231250987455367,0.05690683498390271,"Panjang
(4-6m)",Rendah,2
Hip-Hop Track 1,Artist_hip-hop_1,hip-hop,2954639,3118842,162461,"hip-hop, music",3,2.707683333333333,162.461,14.898887373989606,14.952972657676648,0.9473509888121974,0.9473509888121974,0.33625466490604855,"Sedang
(2.5-4m)",Tinggi,3
Hip-Hop Track 2,Artist_hip-hop_2,hip-hop,4773121,3282937,167597,"hip-hop, music",6,2.793283333333333,167.597,15.378511156105537,15.004249311139397,1.453917497071221,1.453917497071221,0.5575058677470468,"Sedang
(2.5-4m)",Tinggi,3
Hip-Hop Track 3,Artist_hip-hop_3,hip-hop,5287704,2645305,221888,"hip-hop, music",3,3.6981333333333333,221.888,15.480894872270685,14.788297306564063,1.9989006942864076,1.9989006942864076,0.6201141903543255,"Sedang
(2.5-4m)",Tinggi,3
Hip-Hop Track 4,Artist_hip-hop_4,hip-hop,2899408,2696316,198928,"hip-hop, music",3,3.3154666666666666,198.928,14.880017481084618,14.807397325704533,1.075321633175921,1.075321633175921,0.32953481550192404,"Sedang
(2.5-4m)",Sedang,3
Hip-Hop Track 5,Artist_hip-hop_5,hip-hop,5155558,3038909,182043,"hip-hop, music",2,3.03405,182.043,15.455586107963489,14.927009456455462,1.6965155269488073,1.6965155269488073,0.604036241025915,"Sedang
(2.5-4m)",Tinggi,3
Hip-Hop Track 6,Artist_hip-hop_6,hip-hop,4080998,3704877,247481,"hip-hop, music",4,4.1246833333333335,247.481,15.221852369349932,15.125160887695136,1.1015202120015828,1.1015202120015828,0.47329659525277945,"Panjang
(4-6m)",Tinggi,3
Hip-Hop Track 7,Artist_hip-hop_7,hip-hop,5007021,4297348,160398,"hip-hop, music",7,2.6733,160.398,15.42635188515104,15.273508878914445,1.1651418118472574,1.1651418118472574,0.5859640302938905,"Sedang
(2.5-4m)",Tinggi,3
Hip-Hop Track 8,Artist_hip-hop_8,hip-hop,3471991,3451933,184067,"hip-hop, music",2,3.0677833333333333,184.067,15.060239050612259,15.054445211651577,1.0058103660151092,1.0058103660151092,0.399199886410686,"Sedang
(2.5-4m)",Tinggi,3
Hip-Hop Track 9,Artist_hip-hop_9,hip-hop,4385628,3134309,264548,"hip-hop, music",5,4.409133333333333,264.548,15.29384361705896,14.957919612130766,1.399232366932435,1.399232366932435,0.5103603406852079,"Panjang
(4-6m)",Tinggi,3
Hip-Hop Track 10,Artist_hip-hop_10,hip-hop,4544241,3803085,227769,"hip-hop, music",5,3.79615,227.769,15.329371495007273,15.151323400380717,1.1948825243499621,1.1948825243499621,0.5296584789325038,"Sedang
(2.5-4m)",Tinggi,3
Hip-Hop Track 11,Artist_hip-hop_11,hip-hop,5256304,3257861,228858,"hip-hop, music",4,3.8143,228.858,15.4749388663823,14.99658170997263,1.613421317416146,1.613421317416146,0.6162938128255915,"Sedang
(2.5-4m)",Tinggi,3
Hip-Hop Track 12,Artist_hip-hop_12,hip-hop,4762476,2515437,237927,"hip-hop, music",7,3.96545,237.927,15.376278469009106,14.737957501422326,1.8932989006288368,1.8932989006288368,0.5562107110975762,"Sedang
(2.5-4m)",Tinggi,3
Hip-Hop Track 13,Artist_hip-hop_13,hip-hop,3792313,2795157,156148,"hip-hop, music",6,2.6024666666666665,156.148,15.148486944836003,14.843399192490597,1.3567436974940237,1.3567436974940237,0.43817284726288813,"Sedang
(2.5-4m)",Tinggi,3
Hip-Hop Track 14,Artist_hip-hop_14,hip-hop,2271938,3512331,113720,"hip-hop, music",2,1.8953333333333333,113.72,14.6361442098712,15.071790762298791,0.6468460270840001,0.6468460270840001,0.2531917490065498,"Pendek
(<2.5m)",Sedang,3
Hip-Hop Track 15,Artist_hip-hop_15,hip-hop,3233245,1677842,265680,"hip-hop, music",3,4.428,265.68,14.988997144131439,14.333019597865539,1.9270247573819481,1.9270247573819481,0.37015212037644596,"Panjang
(4-6m)",Tinggi,3
Hip-Hop Track 16,Artist_hip-hop_16,hip-hop,5211780,2784476,264817,"hip-hop, music",6,4.413616666666667,264.817,15.466432197925041,14.839570621966972,1.8717267192366824,1.8717267192366824,0.6108766634915356,"Panjang
(4-6m)",Tinggi,3
Hip-Hop Track 17,Artist_hip-hop_17,hip-hop,4070970,3722064,181830,"hip-hop, music",3,3.0305,181.83,15.219392103902878,15.129789179761023,1.0937396310918805,1.0937396310918805,0.4720765078050678,"Sedang
(2.5-4m)",Tinggi,3
Hip-Hop Track 18,Artist_hip-hop_18,hip-hop,3976077,1421118,206838,"hip-hop, music",5,3.4473,206.838,15.195806464272415,14.166955147415283,2.7978494411798027,2.7978494411798027,0.4605310592434704,"Sedang
(2.5-4m)",Tinggi,3
Hip-Hop Track 19,Artist_hip-hop_19,hip-hop,5661127,3252819,223790,"hip-hop, music",4,3.729833333333333,223.79,15.549133723609316,14.99503287038626,1.740375120664531,1.740375120664531,0.6655478476126839,"Sedang
(2.5-4m)",Tinggi,3
Hip-Hop Track 20,Artist_hip-hop_20,hip-hop,5024098,3882856,203474,"hip-hop, music",4,3.3912333333333335,203.474,15.429756692350034,15.1720817808402,1.293917854816698,1.293917854816698,0.5880417559963806,"Sedang
(2.5-4m)",Tinggi,3
Hip-Hop Track 21,Artist_hip-hop_21,hip-hop,3696777,3109406,192444,"hip-hop, music",3,3.2074,192.444,15.12297218742765,14.949942590733425,1.188900970506595,1.188900970506595,0.4265491661296036,"Sedang
(2.5-4m)",Tinggi,3
Hip-Hop Track 22,Artist_hip-hop_22,hip-hop,4663687,3108002,155598,"hip-hop, music",6,2.5933,155.598,15.355317109406089,14.949490955720174,1.5005413443938118,1.5005413443938118,0.5441912437190378,"Sedang
(2.5-4m)",Tinggi,3
Hip-Hop Track 23,Artist_hip-hop_23,hip-hop,2813690,1861047,207195,"hip-hop, music",3,3.45325,207.195,14.850007702524774,14.436650327876396,1.5118847015230128,1.5118847015230128,0.31910567152077673,"Sedang
(2.5-4m)",Sedang,3
Hip-Hop Track 24,Artist_hip-hop_24,hip-hop,5670402,4046241,230923,"hip-hop, music",2,3.848716666666667,230.923,15.550770749015909,15.21329910708131,1.4013996196964986,1.4013996196964986,0.6666763190005504,"Sedang
(2.5-4m)",Tinggi,3
Hip-Hop Track 25,Artist_hip-hop_25,hip-hop,2729632,2834875,213172,"hip-hop, music",2,3.5528666666666666,213.172,14.819677725889887,14.85750875521034,0.9628752721459422,0.9628752721459422,0.30887849654274085,"Sedang
(2.5-4m)",Sedang,3
Hip-Hop Track 26,Artist_hip-hop_26,hip-hop,4473790,1452568,217618,"hip-hop, music",5,3.6269666666666667,217.618,15.313746705591488,14.188844270882836,3.07991565288809,3.07991565288809,0.5210868414396108,"Sedang
(2.5-4m)",Tinggi,3
Hip-Hop Track 27,Artist_hip-hop_27,hip-hop,3012854,2656672,181534,"hip-hop, music",6,3.0255666666666667,181.534,14.918398692161837,14.79258514603522,1.1340703202840545,1.1340703202840545,0.34333757184347696,"Sedang
(2.5-4m)",Tinggi,3
Hip-Hop Track 28,Artist_hip-hop_28,hip-hop,5382799,3176075,205568,"hip-hop, music",7,3.4261333333333335,205.568,15.498719242849523,14.971157030533892,1.6947954016213718,1.6947954016213718,0.6316842158669039,"Sedang
(2.5-4m)",Tinggi,3
Hip-Hop Track 29,Artist_hip-hop_29,hip-hop,4058632,2816034,171920,"hip-hop, music",3,2.8653333333333335,171.92,15.216356775374521,14.850840425160104,1.4412576548231821,1.4412576548231821,0.47057536710603853,"Sedang
(2.5-4m)",Tinggi,3
Hip-Hop Track 30,Artist_hip-hop_30,hip-hop,3204518,2395755,156743,"hip-hop, music",3,2.6123833333333333,156.743,14.980072559070956,14.689209396637809,1.337581122618497,1.337581122618497,0.3666569616099509,"Sedang
(2.5-4m)",Tinggi,3
Hip-Hop Track 31,Artist_hip-hop_31,hip-hop,3669612,3409287,229886,"hip-hop, music",3,3.8314333333333335,229.886,15.115596764879273,15.042014029804475,1.0763572921970805,1.0763572921970805,0.423244052894952,"Sedang
(2.5-4m)",Tinggi,3
Hip-Hop Track 32,Artist_hip-hop_32,hip-hop,3159001,3360313,218301,"hip-hop, music",3,3.63835,218.301,14.965766712895766,15.027544979953937,0.9400910153039269,0.9400910153039269,0.3611189958782507,"Sedang
(2.5-4m)",Tinggi,3
Hip-Hop Track 33,Artist_hip-hop_33,hip-hop,4704013,3350553,190207,"hip-hop, music",6,3.1701166666666665,190.207,15.363926744746648,15.024636263262948,1.4039508093288453,1.4039508093288453,0.5490976304777553,"Sedang
(2.5-4m)",Tinggi,3
Hip-Hop Track 34,Artist_hip-hop_34,hip-hop,2646994,3219811,170603,"hip-hop, music",3,2.843383333333333,170.603,14.788935592276589,14.984833530722948,0.8220958242282469,0.8220958242282469,0.29882409023001716,"Sedang
(2.5-4m)",Sedang,3
Hip-Hop Track 35,Artist_hip-hop_35,hip-hop,6961662,1202849,178100,"hip-hop, music",4,2.9683333333333333,178.1,15.755928940551366,14.000204298903284,5.787639356528246,5.787639356528246,0.8237814364449174,"Sedang
(2.5-4m)",Tinggi,3
Hip-Hop Track 36,Artist_hip-hop_36,hip-hop,2874664,3586652,288420,"hip-hop, music",3,4.807,288.42,14.871446703685272,15.092730013613622,0.8014892993551369,0.8014892993551369,0.32652426067482226,"Panjang
(4-6m)",Sedang,3
Hip-Hop Track 37,Artist_hip-hop_37,hip-hop,4881093,1653575,226679,"hip-hop, music",3,3.7779833333333332,226.679,15.400879933032543,14.31845077345627,2.9518407378916964,2.9518407378916964,0.5706426130506287,"Sedang
(2.5-4m)",Tinggi,3
Hip-Hop Track 38,Artist_hip-hop_38,hip-hop,2140562,1583920,123475,"hip-hop, music",2,2.057916666666667,123.475,14.576579436509627,14.275413976375399,1.351432299969506,1.351432299969506,0.23720748409524522,"Pendek
(<2.5m)",Sedang,3
Hip-Hop Track 39,Artist_hip-hop_39,hip-hop,4682779,4141289,184834,"hip-hop, music",6,3.0805666666666665,184.834,15.359402508629529,15.236517891469004,1.130753702348785,1.130753702348785,0.5465141305909674,"Sedang
(2.5-4m)",Tinggi,3
Hip-Hop Track 40,Artist_hip-hop_40,hip-hop,3755703,1863393,171548,"hip-hop, music",2,2.8591333333333333,171.548,15.13878630896309,14.437910114072702,2.0155173838705074,2.0155173838705074,0.43371857906776223,"Sedang
(2.5-4m)",Tinggi,3
Hip-Hop Track 41,Artist_hip-hop_41,hip-hop,2773077,4518173,219735,"hip-hop, music",5,3.66225,219.735,14.835468452583134,15.323618487884696,0.6137605590222953,0.6137605590222953,0.3141643660247743,"Sedang
(2.5-4m)",Sedang,3
Hip-Hop Track 42,Artist_hip-hop_42,hip-hop,5158489,2977283,137764,"hip-hop, music",7,2.2960666666666665,137.764,15.45615445897266,14.906522033499538,1.7326156994092603,1.7326156994092603,0.6043928501512882,"Pendek
(<2.5m)",Tinggi,3
Hip-Hop Track 43,Artist_hip-hop_43,hip-hop,6027564,3508777,190139,"hip-hop, music",7,3.1689833333333333,190.139,15.61185367288641,15.070778386676265,1.717852768114711,1.717852768114711,0.710131531704936,"Sedang
(2.5-4m)",Tinggi,3
Hip-Hop Track 44,Artist_hip-hop_44,hip-hop,2154357,3362231,277861,"hip-hop, music",3,4.631016666666667,277.861,14.583003325302494,15.02811559711358,0.6407520361474164,0.6407520361474164,0.23888589517833075,"Panjang
(4-6m)",Sedang,3
Hip-Hop Track 45,Artist_hip-hop_45,hip-hop,1658657,2257221,167001,"hip-hop, music",6,2.78335,167.001,14.321519399639007,14.629645411618318,0.7348222726874007,0.7348222726874007,0.1785750308154815,"Sedang
(2.5-4m)",Sedang,3
Hip-Hop Track 46,Artist_hip-hop_46,hip-hop,4193727,3231825,163173,"hip-hop, music",2,2.71955,163.173,15.24910063378673,14.988557860540217,1.297633907270998,1.297633907270998,0.4870121155851572,"Sedang
(2.5-4m)",Tinggi,3
Hip-Hop Track 47,Artist_hip-hop_47,hip-hop,3607796,1789124,249965,"hip-hop, music",5,4.166083333333333,249.965,15.098607894723688,14.397237231486518,2.016514217843918,2.016514217843918,0.41572301922246074,"Panjang
(4-6m)",Tinggi,3
Hip-Hop Track 48,Artist_hip-hop_48,hip-hop,3639887,3878887,151418,"hip-hop, music",5,2.523633333333333,151.418,15.107463469908772,15.171059072584274,0.9383841451467534,0.9383841451467534,0.41962746939044177,"Sedang
(2.5-4m)",Tinggi,3
Hip-Hop Track 49,Artist_hip-hop_49,hip-hop,1197312,2365417,169868,"hip-hop, music",7,2.8311333333333333,169.868,13.995590437409291,14.676465308476804,0.5061735388840366,0.5061735388840366,0.12244407314051947,"Sedang
(2.5-4m)",Rendah,3
Hip-Hop Track 50,Artist_hip-hop_50,hip-hop,4947178,4717974,215732,"hip-hop, music",3,3.5955333333333335,215.732,15.41432807310082,15.366890240080272,1.0485808000254346,1.0485808000254346,0.5786830477317239,"Sedang
(2.5-4m)",Tinggi,3
Hip-Hop Track 51,Artist_hip-hop_51,hip-hop,4510214,3062310,206217,"hip-hop, music",5,3.43695,206.217,15.32185538218295,14.934680417645,1.4728138324291686,1.4728138324291686,0.5255184793729423,"Sedang
(2.5-4m)",Tinggi,3
Hip-Hop Track 52,Artist_hip-hop_52,hip-hop,6958880,1888586,164410,"hip-hop, music",3,2.7401666666666666,164.41,15.755529243522709,14.451339488381718,3.6847018432298855,3.6847018432298855,0.8234429558625945,"Sedang
(2.5-4m)",Tinggi,3
Hip-Hop Track 53,Artist_hip-hop_53,hip-hop,2156257,1788384,202401,"hip-hop, music",4,3.37335,202.401,14.583884869899851,14.396823535921415,1.205700674071858,1.205700674071858,0.23911706451924142,"Sedang
(2.5-4m)",Sedang,3
Hip-Hop Track 54,Artist_hip-hop_54,hip-hop,2066986,1861233,113884,"hip-hop, music",5,1.8980666666666666,113.884,14.541602549335952,14.436750266570002,1.1105460140960244,1.1105460140960244,0.22825563387059117,"Pendek
(<2.5m)",Sedang,3
Hip-Hop Track 55,Artist_hip-hop_55,hip-hop,4438361,3952388,120242,"hip-hop, music",5,2.0040333333333336,120.242,15.305795947422164,15.189830764179954,1.1229565207270844,1.1229565207270844,0.516776263240072,"Pendek
(<2.5m)",Tinggi,3
Hip-Hop Track 56,Artist_hip-hop_56,hip-hop,5462004,2416089,246652,"hip-hop, music",3,4.1108666666666664,246.652,15.513326496430967,14.697661088998647,2.260679030996362,2.260679030996362,0.6413209356810243,"Panjang
(4-6m)",Tinggi,3
Hip-Hop Track 57,Artist_hip-hop_57,hip-hop,4320870,3050658,173276,"hip-hop, music",2,2.8879333333333332,173.276,15.278967560268008,14.930868190818561,1.4163726591533174,1.4163726591533174,0.5024813595385277,"Sedang
(2.5-4m)",Tinggi,3
Hip-Hop Track 58,Artist_hip-hop_58,hip-hop,5190450,2419826,178248,"hip-hop, music",7,2.9708,178.248,15.462331149247209,14.699206607974203,2.1449673881645257,2.1449673881645257,0.608281483469628,"Sedang
(2.5-4m)",Tinggi,3
Hip-Hop Track 59,Artist_hip-hop_59,hip-hop,4060642,2924459,190994,"hip-hop, music",7,3.1832333333333334,190.994,15.216851893422254,14.88862040621996,1.3885100155242336,1.3885100155242336,0.4708199199351072,"Sedang
(2.5-4m)",Tinggi,3
Hip-Hop Track 60,Artist_hip-hop_60,hip-hop,4237094,3543664,136091,"hip-hop, music",2,2.2681833333333334,136.091,15.259388450882001,15.08067206027988,1.1956813073470545,1.1956813073470545,0.4922884949574059,"Pendek
(<2.5m)",Tinggi,3
Hip-Hop Track 61,Artist_hip-hop_61,hip-hop,5668249,3247728,200414,"hip-hop, music",2,3.3402333333333334,200.414,15.550390986088889,14.99346654082214,1.7452961746500402,1.7452961746500402,0.6664143676368763,"Sedang
(2.5-4m)",Tinggi,3
Hip-Hop Track 62,Artist_hip-hop_62,hip-hop,2425796,3208057,239912,"hip-hop, music",3,3.9985333333333335,239.912,14.701670688150736,14.981176327605603,0.7561571517721937,0.7561571517721937,0.2719113555611983,"Sedang
(2.5-4m)",Sedang,3
Hip-Hop Track 63,Artist_hip-hop_63,hip-hop,4609309,2827215,127903,"hip-hop, music",7,2.1317166666666667,127.903,15.343588729150078,14.85480303984112,1.6303349301928116,1.6303349301928116,0.5375751771821747,"Pendek
(<2.5m)",Tinggi,3
Hip-Hop Track 64,Artist_hip-hop_64,hip-hop,3224164,2470140,225304,"hip-hop, music",7,3.7550666666666666,225.304,14.986184559959122,14.719785791995115,1.3052550441452533,1.3052550441452533,0.3690472525949671,"Sedang
(2.5-4m)",Tinggi,3
Hip-Hop Track 65,Artist_hip-hop_65,hip-hop,2012280,3830834,245759,"hip-hop, music",3,4.095983333333334,245.759,14.514779462477767,15.158593353060663,0.5252849574570557,0.5252849574570557,0.2215996602054025,"Panjang
(4-6m)",Sedang,3
Hip-Hop Track 66,Artist_hip-hop_66,hip-hop,1581280,2207361,197493,"hip-hop, music",4,3.29155,197.493,14.27374583600888,14.607308695349875,0.7163664138460298,0.7163664138460298,0.169160720240932,"Sedang
(2.5-4m)",Rendah,3
Hip-Hop Track 67,Artist_hip-hop_67,hip-hop,4775101,3929216,176060,"hip-hop, music",2,2.9343333333333335,176.06,15.378925892925364,15.183950727353967,1.215280550806942,1.215280550806942,0.5577467705338905,"Sedang
(2.5-4m)",Tinggi,3
Hip-Hop Track 68,Artist_hip-hop_68,hip-hop,1910821,2270180,187901,"hip-hop, music",5,3.131683333333333,187.901,14.463044073933862,14.635370121961683,0.8417042517755192,0.8417042517755192,0.2092553390688475,"Sedang
(2.5-4m)",Sedang,3
Hip-Hop Track 69,Artist_hip-hop_69,hip-hop,5825406,3907491,170679,"hip-hop, music",5,2.84465,170.679,15.577739426219791,15.178406293930824,1.4908299236441176,1.4908299236441176,0.6855353571681903,"Sedang
(2.5-4m)",Tinggi,3
Hip-Hop Track 70,Artist_hip-hop_70,hip-hop,3108051,3574696,140604,"hip-hop, music",5,2.3434,140.604,14.949506721346443,15.089390975273561,0.8694585862801798,0.8694585862801798,0.35492000749962016,"Pendek
(<2.5m)",Tinggi,3
Hip-Hop Track 71,Artist_hip-hop_71,hip-hop,4564723,3391540,182698,"hip-hop, music",6,3.044966666666667,182.698,15.333868610161518,15.036794948341344,1.3459141434527844,1.3459141434527844,0.5321504844275208,"Sedang
(2.5-4m)",Tinggi,3
Hip-Hop Track 72,Artist_hip-hop_72,hip-hop,5592493,3099619,113047,"hip-hop, music",7,1.8841166666666667,113.047,15.536935899480401,14.946790081296593,1.8042511662719947,1.8042511662719947,0.6571972810105459,"Pendek
(<2.5m)",Tinggi,3
Hip-Hop Track 73,Artist_hip-hop_73,hip-hop,4649755,3415780,176939,"hip-hop, music",7,2.9489833333333335,176.939,15.352325303068497,15.043916721765202,1.3612567667540747,1.3612567667540747,0.5424961641097918,"Sedang
(2.5-4m)",Tinggi,3
Hip-Hop Track 74,Artist_hip-hop_74,hip-hop,890749,3105133,254706,"hip-hop, music",3,4.2451,254.706,13.699819083468082,14.948567428618192,0.2868633044499851,0.2868633044499851,0.085145143320733,"Panjang
(4-6m)",Rendah,3
Hip-Hop Track 75,Artist_hip-hop_75,hip-hop,4549044,1785923,237409,"hip-hop, music",6,3.9568166666666666,237.409,15.330427878787232,14.39544648632168,2.547165500883576,2.547165500883576,0.5302428506927112,"Sedang
(2.5-4m)",Tinggi,3
Hip-Hop Track 76,Artist_hip-hop_76,hip-hop,3407475,2769376,223171,"hip-hop, music",4,3.719516666666667,223.171,15.041482399241154,14.834132943120238,1.2304121107382635,1.2304121107382635,0.39135034893795334,"Sedang
(2.5-4m)",Tinggi,3
Hip-Hop Track 77,Artist_hip-hop_77,hip-hop,4979340,1690396,130287,"hip-hop, music",6,2.17145,130.287,15.42080811092727,14.340473970554534,2.9456630602160323,2.9456630602160323,0.5825961363329706,"Pendek
(<2.5m)",Tinggi,3
Hip-Hop Track 78,Artist_hip-hop_78,hip-hop,3994045,1786371,198396,"hip-hop, music",5,3.3066,198.396,15.200315310167488,14.395697305404056,2.235841694786976,2.235841694786976,0.46271719120004023,"Sedang
(2.5-4m)",Tinggi,3
Hip-Hop Track 79,Artist_hip-hop_79,hip-hop,4878814,1748615,217712,"hip-hop, music",6,3.6285333333333334,217.712,15.400412920473016,14.37433517586435,2.790100285025414,2.790100285025414,0.5703653315096101,"Sedang
(2.5-4m)",Tinggi,3
Hip-Hop Track 80,Artist_hip-hop_80,hip-hop,5447112,4010061,191627,"hip-hop, music",6,3.193783333333333,191.627,15.51059630151505,15.20431726050986,1.3583610427968444,1.3583610427968444,0.6395090547205814,"Sedang
(2.5-4m)",Tinggi,3
Classical Track 1,Artist_classical_1,classical,869947,345585,392087,"classical, music",3,6.534783333333333,392.087,13.67618871872952,12.752996805832256,2.517309728982077,2.517309728982077,0.08261420404198377,"Sangat Panjang
(>6m)",Rendah,0
Classical Track 2,Artist_classical_2,classical,708858,729057,375771,"classical, music",3,6.26285,375.771,13.471411914086465,13.499508568868507,0.9722930137245597,0.9722930137245597,0.06301481564305897,"Sangat Panjang
(>6m)",Rendah,0
Classical Track 3,Artist_classical_3,classical,572306,155552,414658,"classical, music",6,6.910966666666667,414.658,13.257430839669587,11.954741788542888,3.6791704435144292,3.6791704435144292,0.046400796779884096,"Sangat Panjang
(>6m)",Rendah,0
Classical Track 4,Artist_classical_4,classical,738330,503682,372891,"classical, music",2,6.21485,372.891,13.512147512517389,13.129702380916026,1.4658624571407015,1.4658624571407015,0.06660061712480578,"Sangat Panjang
(>6m)",Rendah,0
Classical Track 5,Artist_classical_5,classical,654958,432539,443722,"classical, music",4,7.395366666666667,443.722,13.392327917238367,12.97743008662668,1.5142137143385583,1.5142137143385583,0.05645690644564608,"Sangat Panjang
(>6m)",Rendah,0
Classical Track 6,Artist_classical_6,classical,938088,336049,451952,"classical, music",7,7.532533333333333,451.952,13.751600106216491,12.725015237398113,2.7915131676833806,2.7915131676833806,0.09090478828355913,"Sangat Panjang
(>6m)",Rendah,0
Classical Track 7,Artist_classical_7,classical,541601,206436,450207,"classical, music",3,7.50345,450.207,13.20228669333557,12.237750560089642,2.6235655429985902,2.6235655429985902,0.042664978562693676,"Sangat Panjang
(>6m)",Rendah,0
Classical Track 8,Artist_classical_8,classical,845219,523222,452446,"classical, music",3,7.540766666666666,452.446,13.647352227482408,13.167763038403551,1.615408726298347,1.615408726298347,0.07960559590406863,"Sangat Panjang
(>6m)",Rendah,0
Classical Track 9,Artist_classical_9,classical,593267,325696,438487,"classical, music",3,7.308116666666667,438.487,13.293401515177797,12.6937227802916,1.8215304408698882,1.8215304408698882,0.04895108128242531,"Sangat Panjang
(>6m)",Rendah,0
Classical Track 10,Artist_classical_10,classical,787313,357158,437113,"classical, music",3,7.285216666666667,437.113,13.576382431308371,12.785936339761626,2.20437676217035,2.20437676217035,0.07256028440155673,"Sangat Panjang
(>6m)",Rendah,0
Classical Track 11,Artist_classical_11,classical,1149348,681517,429832,"classical, music",5,7.163866666666666,429.832,13.954706253095196,13.432077942095678,1.6864528889919268,1.6864528889919268,0.11660838563134113,"Sangat Panjang
(>6m)",Rendah,0
Classical Track 12,Artist_classical_12,classical,942423,473140,363667,"classical, music",2,6.061116666666667,363.667,13.756210558448222,13.067148720303498,1.991843868952384,1.991843868952384,0.09143221938505794,"Sangat Panjang
(>6m)",Rendah,0
Classical Track 13,Artist_classical_13,classical,549245,181509,482248,"classical, music",7,8.037466666666667,482.248,13.216301707562168,12.109066027588023,3.025976530218721,3.025976530218721,0.043595009321599515,"Sangat Panjang
(>6m)",Rendah,0
Classical Track 14,Artist_classical_14,classical,535229,484438,393344,"classical, music",5,6.555733333333333,393.344,13.190451840036859,13.090746799393735,1.1048429213998048,1.1048429213998048,0.04188970959412383,"Sangat Panjang
(>6m)",Rendah,0
Classical Track 15,Artist_classical_15,classical,850512,420755,346377,"classical, music",7,5.77295,346.377,13.653594975827634,12.94980837220093,2.0213900693038247,2.0213900693038247,0.08024958502061606,"Panjang
(4-6m)",Rendah,0
Classical Track 16,Artist_classical_16,classical,1019120,420415,411303,"classical, music",6,6.85505,411.303,13.834451049021903,12.948999976252145,2.424075201704978,2.424075201704978,0.10076379566917625,"Sangat Panjang
(>6m)",Rendah,0
Classical Track 17,Artist_classical_17,classical,889398,654940,444991,"classical, music",2,7.416516666666666,444.991,13.698301232704605,13.392300434224394,1.357981864015232,1.357981864015232,0.0849807697525381,"Sangat Panjang
(>6m)",Rendah,0
Classical Track 18,Artist_classical_18,classical,608145,430075,396564,"classical, music",5,6.6094,396.564,13.318170263700278,12.971717216238378,1.414040774188748,1.414040774188748,0.050761258889829936,"Sangat Panjang
(>6m)",Rendah,0
Classical Track 19,Artist_classical_19,classical,673131,520464,449531,"classical, music",6,7.492183333333333,449.531,13.419696726095914,13.162477921740704,1.2933261602605362,1.2933261602605362,0.05866798035741945,"Sangat Panjang
(>6m)",Rendah,0
Classical Track 20,Artist_classical_20,classical,805105,638874,380172,"classical, music",2,6.3362,380.172,13.598729224750675,13.36746409607058,1.2601917432987673,1.2601917432987673,0.0747250027770738,"Sangat Panjang
(>6m)",Rendah,0
Classical Track 21,Artist_classical_21,classical,344197,453020,472455,"classical, music",5,7.87425,472.455,12.748972352167447,13.023693761006584,0.7597815553804349,0.7597815553804349,0.01864721405052121,"Sangat Panjang
(>6m)",Rendah,0
Classical Track 22,Artist_classical_22,classical,949651,613862,426927,"classical, music",3,7.11545,426.927,13.763850880677232,13.327527055196908,1.54700804576917,1.54700804576917,0.09231163622511175,"Sangat Panjang
(>6m)",Rendah,0
Classical Track 23,Artist_classical_23,classical,1118434,475407,421565,"classical, music",5,7.026083333333333,421.565,13.927440944678738,13.071928661701014,2.352577154780736,2.352577154780736,0.11284713878665054,"Sangat Panjang
(>6m)",Rendah,0
Classical Track 24,Artist_classical_24,classical,881991,414851,365979,"classical, music",3,6.09965,365.979,13.689938264653009,12.935677109100457,2.1260377194758613,2.1260377194758613,0.08407957432720903,"Sangat Panjang
(>6m)",Rendah,0
Classical Track 25,Artist_classical_25,classical,489551,585739,430368,"classical, music",4,7.1728,430.368,13.101245966158409,13.280631284094563,0.8357820876156656,0.8357820876156656,0.036332155302483266,"Sangat Panjang
(>6m)",Rendah,0
Classical Track 26,Artist_classical_26,classical,940132,374271,355591,"classical, music",6,5.926516666666667,355.591,13.753776633599212,12.832738084789286,2.511895092339261,2.511895092339261,0.09115347782714935,"Panjang
(4-6m)",Rendah,0
Classical Track 27,Artist_classical_27,classical,1193345,791170,409237,"classical, music",5,6.820616666666667,409.237,13.99227168417758,13.58126940543386,1.5083275296996477,1.5083275296996477,0.12196141589031284,"Sangat Panjang
(>6m)",Rendah,0
Classical Track 28,Artist_classical_28,classical,856741,338386,425931,"classical, music",3,7.09885,425.931,13.660892102080187,12.731945489900639,2.5318378070079524,2.5318378070079524,0.08100745545458053,"Sangat Panjang
(>6m)",Rendah,0
Classical Track 29,Artist_classical_29,classical,985719,591610,425369,"classical, music",7,7.089483333333333,425.369,13.801127617596821,13.290604603290276,1.6661607035704205,1.6661607035704205,0.09669996032404103,"Sangat Panjang
(>6m)",Rendah,0
Classical Track 30,Artist_classical_30,classical,914068,334098,316235,"classical, music",5,5.270583333333334,316.235,13.72566133992824,12.719192635224536,2.7359195926955784,2.7359195926955784,0.08798232114215176,"Panjang
(4-6m)",Rendah,0
Classical Track 31,Artist_classical_31,classical,637405,531802,415756,"classical, music",7,6.929266666666667,415.756,13.365162094162361,13.184028398993648,1.1985735319281765,1.1985735319281765,0.054321266739854074,"Sangat Panjang
(>6m)",Rendah,0
Classical Track 32,Artist_classical_32,classical,589993,240026,450503,"classical, music",2,7.508383333333334,450.503,13.287867646338666,12.388506695996478,2.4580276385573288,2.4580276385573288,0.048552740007614004,"Sangat Panjang
(>6m)",Rendah,0
Classical Track 33,Artist_classical_33,classical,453306,222018,401161,"classical, music",4,6.686016666666666,401.161,13.024324879121645,12.310518242777764,2.0417441750480814,2.0417441750480814,0.03192229595442704,"Sangat Panjang
(>6m)",Rendah,0
Classical Track 34,Artist_classical_34,classical,1058075,459396,372482,"classical, music",5,6.208033333333334,372.482,13.871962722468862,13.037670038958955,2.3031822149469847,2.3031822149469847,0.10550337549821556,"Sangat Panjang
(>6m)",Rendah,0
Classical Track 35,Artist_classical_35,classical,1294760,603055,440962,"classical, music",5,7.349366666666667,440.962,14.073836680098667,13.309765340385656,2.14699795707198,2.14699795707198,0.13430038363160465,"Sangat Panjang
(>6m)",Rendah,0
Classical Track 36,Artist_classical_36,classical,942206,441671,452496,"classical, music",7,7.5416,452.496,13.755980274640985,12.99832280413314,2.1332708435218897,2.1332708435218897,0.09140581741296445,"Sangat Panjang
(>6m)",Rendah,0
Classical Track 37,Artist_classical_37,classical,909222,334067,422130,"classical, music",4,7.0355,422.13,13.720345667604926,12.719099844051005,2.7216674449513274,2.7216674449513274,0.08739271765475541,"Sangat Panjang
(>6m)",Rendah,0
Classical Track 38,Artist_classical_38,classical,681497,291010,392253,"classical, music",2,6.53755,392.253,13.432048595411556,12.581116346126487,2.3418255667311545,2.3418255667311545,0.059685855465871324,"Sangat Panjang
(>6m)",Rendah,0
Classical Track 39,Artist_classical_39,classical,597617,424648,419202,"classical, music",4,6.9867,419.202,13.30070703282906,12.959018224324893,1.4073199277520965,1.4073199277520965,0.04948033740503656,"Sangat Panjang
(>6m)",Rendah,0
Classical Track 40,Artist_classical_40,classical,472289,545260,435288,"classical, music",7,7.2548,435.288,13.065348482676784,13.209019858092383,0.8661705128369717,0.8661705128369717,0.03423192100627284,"Sangat Panjang
(>6m)",Rendah,0
Classical Track 41,Artist_classical_41,classical,554195,688796,448841,"classical, music",4,7.480683333333333,448.841,13.225273693773998,13.442701876685476,0.8045839340182956,0.8045839340182956,0.04419726628870886,"Sangat Panjang
(>6m)",Rendah,0
Classical Track 42,Artist_classical_42,classical,939703,555483,435028,"classical, music",3,7.250466666666667,435.028,13.75332021103976,13.227595084766723,1.6916832888075983,1.6916832888075983,0.0911012822233332,"Sangat Panjang
(>6m)",Rendah,0
Classical Track 43,Artist_classical_43,classical,499196,488900,343567,"classical, music",6,5.726116666666667,343.567,13.120756086403912,13.099915293972703,1.0210574328954123,1.0210574328954123,0.03750564387779026,"Panjang
(4-6m)",Rendah,0
Classical Track 44,Artist_classical_44,classical,518127,537942,467021,"classical, music",7,7.783683333333333,467.021,13.157977594963498,13.19550788557565,0.9631633834811495,0.9631633834811495,0.03980894218977958,"Sangat Panjang
(>6m)",Rendah,0
Classical Track 45,Artist_classical_45,classical,833812,207789,412926,"classical, music",3,6.8821,412.926,13.63376443557618,12.244283233293926,4.012762885605659,4.012762885605659,0.07821772818208553,"Sangat Panjang
(>6m)",Rendah,0
Classical Track 46,Artist_classical_46,classical,764575,387977,421149,"classical, music",6,7.01915,421.149,13.547076710790257,12.868703915966918,1.970665862497358,1.970665862497358,0.06979379573122696,"Sangat Panjang
(>6m)",Rendah,0
Classical Track 47,Artist_classical_47,classical,711480,495954,392315,"classical, music",6,6.538583333333333,392.315,13.475103992009313,13.114240475784777,1.4345656359952013,1.4345656359952013,0.06333382933351568,"Sangat Panjang
(>6m)",Rendah,0
Classical Track 48,Artist_classical_48,classical,1133719,563333,457121,"classical, music",7,7.618683333333333,457.121,13.941014819201412,13.241627981662399,2.0125165532348483,2.0125165532348483,0.11470683530023973,"Sangat Panjang
(>6m)",Rendah,0
Classical Track 49,Artist_classical_49,classical,793396,677929,466450,"classical, music",7,7.774166666666667,466.45,13.58407900586036,13.426799316754659,1.1703214196155944,1.1703214196155944,0.07330039129669333,"Sangat Panjang
(>6m)",Rendah,0
Classical Track 50,Artist_classical_50,classical,690296,406193,360027,"classical, music",5,6.00045,360.027,13.444877218745575,12.914586156970584,1.6994244129652334,1.6994244129652334,0.06075641285043601,"Sangat Panjang
(>6m)",Rendah,0
Classical Track 51,Artist_classical_51,classical,884835,458740,360944,"classical, music",4,6.015733333333333,360.944,13.693157596083447,13.03624105962986,1.928833481201811,1.928833481201811,0.08442559833013003,"Sangat Panjang
(>6m)",Rendah,0
Classical Track 52,Artist_classical_52,classical,585810,560295,372293,"classical, music",3,6.204883333333333,372.293,13.280752490939314,13.236220494495232,1.0455366449162586,1.0455366449162586,0.04804380245338806,"Sangat Panjang
(>6m)",Rendah,0
Classical Track 53,Artist_classical_53,classical,1019260,335958,459707,"classical, music",5,7.661783333333333,459.707,13.834588412872467,12.724744407690308,3.0338821106146883,3.0338821106146883,0.10078082919955914,"Sangat Panjang
(>6m)",Rendah,0
Classical Track 54,Artist_classical_54,classical,734930,465699,393229,"classical, music",4,6.553816666666667,393.229,13.50753189623718,13.05129692897047,1.578118960704316,1.578118960704316,0.06618694567264986,"Sangat Panjang
(>6m)",Rendah,0
Classical Track 55,Artist_classical_55,classical,824394,292426,329486,"classical, music",3,5.491433333333333,329.486,13.622405062963066,12.58597034185604,2.8191446070301307,2.8191446070301307,0.07707185825961364,"Panjang
(4-6m)",Rendah,0
Classical Track 56,Artist_classical_56,classical,553606,489251,467595,"classical, music",6,7.79325,467.595,13.224210327714326,13.100632973139595,1.1315354868247856,1.1315354868247856,0.04412560379302656,"Sangat Panjang
(>6m)",Rendah,0
Classical Track 57,Artist_classical_57,classical,773708,362404,435384,"classical, music",3,7.2564,435.384,13.558951112885556,12.800517649965277,2.134926394503387,2.134926394503387,0.07090499025256225,"Sangat Panjang
(>6m)",Rendah,0
Classical Track 58,Artist_classical_58,classical,579396,331368,424432,"classical, music",2,7.0738666666666665,424.432,13.269743186533875,12.710987837052452,1.7484918625459835,1.7484918625459835,0.047263423425703346,"Sangat Panjang
(>6m)",Rendah,0
Classical Track 59,Artist_classical_59,classical,911943,437873,335394,"classical, music",2,5.5899,335.394,13.723333863662424,12.9896864767404,2.0826607654256706,2.0826607654256706,0.08772377648455432,"Panjang
(4-6m)",Rendah,0
Classical Track 60,Artist_classical_60,classical,1079537,333311,393432,"classical, music",7,6.5572,393.432,13.892043729799608,12.716834267248077,3.2388182843701996,3.2388182843701996,0.10811461570591271,"Sangat Panjang
(>6m)",Rendah,0
Classical Track 61,Artist_classical_61,classical,1044200,796228,388178,"classical, music",7,6.469633333333333,388.178,13.858762557629074,13.587642111894347,1.3114317614656086,1.3114317614656086,0.10381523096919695,"Sangat Panjang
(>6m)",Rendah,0
Classical Track 62,Artist_classical_62,classical,836555,731239,437612,"classical, music",7,7.293533333333333,437.612,13.637048742774953,13.502497002221022,1.144022482358733,1.144022482358733,0.07855146370951603,"Sangat Panjang
(>6m)",Rendah,0
Classical Track 63,Artist_classical_63,classical,542686,54703,417462,"classical, music",3,6.9577,417.462,13.204288005462026,10.909692111879082,9.920408014039193,9.920408014039193,0.042796988423161084,"Sangat Panjang
(>6m)",Rendah,0
Classical Track 64,Artist_classical_64,classical,1016944,426250,444770,"classical, music",7,7.412833333333333,444.77,13.832313592938986,12.962783653618168,2.3857867782128372,2.3857867782128372,0.10049904593979646,"Sangat Panjang
(>6m)",Rendah,0
Classical Track 65,Artist_classical_65,classical,1026677,351089,387901,"classical, music",4,6.465016666666667,387.901,13.841838905181758,12.76879787983692,2.9242558888034407,2.9242558888034407,0.10168324130562985,"Sangat Panjang
(>6m)",Rendah,0
Classical Track 66,Artist_classical_66,classical,604408,356834,368032,"classical, music",5,6.133866666666667,368.032,13.312006400070649,12.785028769047477,1.6938024577185533,1.6938024577185533,0.05030658529668092,"Sangat Panjang
(>6m)",Rendah,0
Classical Track 67,Artist_classical_67,classical,1179868,479079,414304,"classical, music",5,6.9050666666666665,414.304,13.980913973329857,13.079622877061443,2.462778659096602,2.462778659096602,0.12032169525481129,"Sangat Panjang
(>6m)",Rendah,0
Classical Track 68,Artist_classical_68,classical,599043,394742,420456,"classical, music",2,7.0076,420.456,13.303090330159444,12.88599019921842,1.5175519261899515,1.5175519261899515,0.049653836078793714,"Sangat Panjang
(>6m)",Rendah,0
Classical Track 69,Artist_classical_69,classical,1179822,493045,473143,"classical, music",7,7.885716666666666,473.143,13.980874985190722,13.108357754960098,2.3929247980918618,2.3929247980918618,0.12031609852339978,"Sangat Panjang
(>6m)",Rendah,0
Classical Track 70,Artist_classical_70,classical,1284551,272255,363125,"classical, music",3,6.052083333333333,363.125,14.06592057739076,12.514498079119855,4.718173336859427,4.718173336859427,0.13305827426246944,"Sangat Panjang
(>6m)",Rendah,0
Classical Track 71,Artist_classical_71,classical,566372,441889,441535,"classical, music",3,7.3589166666666666,441.535,13.247008150733896,12.998816261308582,1.2817035913915227,1.2817035913915227,0.04567881842779785,"Sangat Panjang
(>6m)",Rendah,0
Classical Track 72,Artist_classical_72,classical,921301,425725,364912,"classical, music",4,6.0818666666666665,364.912,13.733543165940212,12.961551225826218,2.1640703175281755,2.1640703175281755,0.08886234632257639,"Sangat Panjang
(>6m)",Rendah,0
Classical Track 73,Artist_classical_73,classical,827184,251629,436769,"classical, music",5,7.279483333333333,436.769,13.625783649109605,12.435715033584213,3.287302785836347,3.287302785836347,0.07741131218652983,"Sangat Panjang
(>6m)",Rendah,0
Classical Track 74,Artist_classical_74,classical,639645,317342,355043,"classical, music",2,5.917383333333333,355.043,13.36867017730579,12.667738486826304,2.015626624819202,2.015626624819202,0.05459380322598033,"Panjang
(4-6m)",Rendah,0
Classical Track 75,Artist_classical_75,classical,983693,417135,351235,"classical, music",5,5.853916666666667,351.235,13.799070152061693,12.941167586697876,2.3582069157301215,2.3582069157301215,0.09645346080578578,"Panjang
(4-6m)",Rendah,0
Classical Track 76,Artist_classical_76,classical,828253,279443,408509,"classical, music",4,6.808483333333333,408.509,13.627075149610185,12.540557193721236,2.9639319505875954,2.9639319505875954,0.07754137535781061,"Sangat Panjang
(>6m)",Rendah,0
Classical Track 77,Artist_classical_77,classical,989335,406501,401092,"classical, music",5,6.684866666666666,401.092,13.804789290015455,12.9153441280071,2.4337764635844352,2.4337764635844352,0.09713991208021626,"Sangat Panjang
(>6m)",Rendah,0
Classical Track 78,Artist_classical_78,classical,492037,370040,379371,"classical, music",6,6.32285,379.371,13.106311228264275,12.821369089292153,1.3296823865463556,1.3296823865463556,0.03663462213485373,"Sangat Panjang
(>6m)",Rendah,0
Classical Track 79,Artist_classical_79,classical,987631,517984,440139,"classical, music",7,7.33565,440.139,13.803065437710334,13.157701563293385,1.9066787648290973,1.9066787648290973,0.09693258968184165,"Sangat Panjang
(>6m)",Rendah,0
Classical Track 80,Artist_classical_80,classical,649300,445822,456488,"classical, music",2,7.608133333333333,456.488,13.383651678615522,13.007677291245491,1.456407587764651,1.456407587764651,0.05576850848202897,"Sangat Panjang
(>6m)",Rendah,0
Indie Track 1,Artist_indie_1,indie,1021922,1129233,222514,"indie, music",4,3.7085666666666666,222.514,13.837196704441647,13.937050084720436,0.9049692092161589,0.9049692092161589,0.10110470961298239,"Sedang
(2.5-4m)",Rendah,4
Indie Track 2,Artist_indie_2,indie,1943578,819511,241082,"indie, music",5,4.018033333333333,241.082,14.480041676763191,13.616464320133858,2.3716284813401147,2.3716284813401147,0.2132408201742214,"Panjang
(4-6m)",Sedang,4
Indie Track 3,Artist_indie_3,indie,1760834,1098459,237775,"indie, music",6,3.9629166666666666,237.775,14.381298686325325,13.909419756852971,1.6030023851574022,1.6030023851574022,0.19100670962928593,"Sedang
(2.5-4m)",Sedang,4
Indie Track 4,Artist_indie_4,indie,1341075,622789,189633,"indie, music",7,3.16055,189.633,14.108982834781687,13.341964662294126,2.153334189694761,2.153334189694761,0.13993544048648737,"Sedang
(2.5-4m)",Rendah,4
Indie Track 5,Artist_indie_5,indie,2313544,1105961,217853,"indie, music",5,3.6308833333333332,217.853,14.654291538188218,13.91622610242715,2.0918838079427684,2.0918838079427684,0.2582538709001966,"Sedang
(2.5-4m)",Sedang,4
Indie Track 6,Artist_indie_6,indie,620125,363682,205687,"indie, music",3,3.4281166666666665,205.687,13.337677962180159,12.804037888062465,1.7051250677100662,1.7051250677100662,0.05221884241830872,"Sedang
(2.5-4m)",Rendah,4
Indie Track 7,Artist_indie_7,indie,1560383,1034515,165041,"indie, music",5,2.7506833333333334,165.041,14.260442502780986,13.849444242457023,1.508321765927255,1.508321765927255,0.16661822249513725,"Sedang
(2.5-4m)",Rendah,4
Indie Track 8,Artist_indie_8,indie,1572703,830959,213571,"indie, music",2,3.5595166666666667,213.571,14.268306988872288,13.630336937901694,1.892633821122557,1.892633821122557,0.16811717316883162,"Sedang
(2.5-4m)",Rendah,4
Indie Track 9,Artist_indie_9,indie,1147183,1183368,184314,"indie, music",7,3.0719,184.314,13.952820801728837,13.983876013174333,0.9694212033609128,0.9694212033609128,0.11634497425077714,"Sedang
(2.5-4m)",Rendah,4
Indie Track 10,Artist_indie_10,indie,2406695,1239524,254746,"indie, music",7,4.2457666666666665,254.746,14.693765410492272,14.030238799677136,1.9416268328593616,1.9416268328593616,0.2695873736766012,"Panjang
(4-6m)",Sedang,4
Indie Track 11,Artist_indie_11,indie,1517077,1041346,244897,"indie, music",3,4.081616666666666,244.897,14.232296674279777,13.856025625387227,1.4568409953646575,1.4568409953646575,0.1613492648754125,"Panjang
(4-6m)",Rendah,4
Indie Track 12,Artist_indie_12,indie,1144470,723534,250152,"indie, music",5,4.1692,250.152,13.950453079477935,13.491904199833838,1.5817755879121258,1.5817755879121258,0.11601488876557156,"Panjang
(4-6m)",Rendah,4
Indie Track 13,Artist_indie_13,indie,1764012,858091,264851,"indie, music",5,4.414183333333333,264.851,14.383101885136231,13.662466598829017,2.0557376132162983,2.0557376132162983,0.19139337076897753,"Panjang
(4-6m)",Sedang,4
Indie Track 14,Artist_indie_14,indie,894309,899796,247309,"indie, music",6,4.121816666666667,247.309,13.703807750201756,13.709924461309413,0.9939008465242716,0.9939008465242716,0.08557828166475508,"Panjang
(4-6m)",Rendah,4
Indie Track 15,Artist_indie_15,indie,1731258,1054566,244025,"indie, music",4,4.067083333333334,244.025,14.36435944746023,13.868640814103994,1.6416766312619302,1.6416766312619302,0.1874082546678261,"Panjang
(4-6m)",Sedang,4
Indie Track 16,Artist_indie_16,indie,1720134,1258603,243847,"indie, music",4,4.064116666666667,243.847,14.357913334081678,14.045513728204355,1.3666999310347019,1.3666999310347019,0.1860548190108313,"Panjang
(4-6m)",Sedang,4
Indie Track 17,Artist_indie_17,indie,1065159,1045726,161804,"indie, music",5,2.6967333333333334,161.804,13.878635580583339,13.860222895278213,1.0185822877290154,1.0185822877290154,0.10636527213558983,"Sedang
(2.5-4m)",Rendah,4
Indie Track 18,Artist_indie_18,indie,475353,714913,217855,"indie, music",4,3.630916666666667,217.855,13.071815068603986,13.479917534721679,0.6649093457394876,0.6649093457394876,0.03460471198550982,"Sedang
(2.5-4m)",Rendah,4
Indie Track 19,Artist_indie_19,indie,1259102,973478,243279,"indie, music",7,4.05465,243.279,14.04591012064123,13.78863153191303,1.2934043774955597,1.2934043774955597,0.12996194344308243,"Panjang
(4-6m)",Rendah,4
Indie Track 20,Artist_indie_20,indie,1585724,870004,260023,"indie, music",4,4.333716666666667,260.023,14.27655227396118,13.676254237740688,1.8226607893058087,1.8226607893058087,0.16970141316251464,"Panjang
(4-6m)",Rendah,4
Indie Track 21,Artist_indie_21,indie,1743391,1266256,270128,"indie, music",5,4.502133333333333,270.128,14.371343198814428,14.051575862664004,1.3768066040306193,1.3768066040306193,0.18888445341165191,"Panjang
(4-6m)",Sedang,4
Indie Track 22,Artist_indie_22,indie,2425583,839761,262322,"indie, music",5,4.372033333333333,262.322,14.701582878102366,13.64087379733969,2.8884171943955548,2.8884171943955548,0.27188544026140143,"Panjang
(4-6m)",Sedang,4
Indie Track 23,Artist_indie_23,indie,1652781,806797,193571,"indie, music",7,3.226183333333333,193.571,14.317970486678334,13.600828606130019,2.048568538841197,2.048568538841197,0.17786010921169676,"Sedang
(2.5-4m)",Sedang,4
Indie Track 24,Artist_indie_24,indie,1541339,1026425,206798,"indie, music",5,3.446633333333333,206.798,14.248162725916403,13.841593423217605,1.5016562324025307,1.5016562324025307,0.16430117569076746,"Sedang
(2.5-4m)",Rendah,4
Indie Track 25,Artist_indie_25,indie,1859973,515445,187852,"indie, music",7,3.1308666666666665,187.852,14.43607306709706,13.152787824284895,3.6084730505232363,3.6084730505232363,0.20306876083378161,"Sedang
(2.5-4m)",Sedang,4
Indie Track 26,Artist_indie_26,indie,1019488,803836,235950,"indie, music",5,3.9325,235.95,13.834812079335693,13.59715179128891,1.2682770263125485,1.2682770263125485,0.10080856952046842,"Sedang
(2.5-4m)",Rendah,4
Indie Track 27,Artist_indie_27,indie,1692740,1270574,266098,"indie, music",6,4.434966666666667,266.098,14.341859666541556,14.054980111877256,1.3322629518131555,1.3322629518131555,0.18272184378719625,"Panjang
(4-6m)",Sedang,4
Indie Track 28,Artist_indie_28,indie,1596502,849107,261802,"indie, music",5,4.363366666666667,261.802,14.283326170245763,13.651941665683736,1.8802107623529634,1.8802107623529634,0.17101275166584887,"Panjang
(4-6m)",Rendah,4
Indie Track 29,Artist_indie_29,indie,1531523,1349448,192905,"indie, music",6,3.2150833333333333,192.905,14.241773876043052,14.115206918951339,1.1349246988956234,1.1349246988956234,0.1631068818747785,"Sedang
(2.5-4m)",Rendah,4
Indie Track 30,Artist_indie_30,indie,1607266,846562,231108,"indie, music",4,3.8518,231.108,14.290045779020636,13.648939901885223,1.8985781329918743,1.8985781329918743,0.17232238681614484,"Sedang
(2.5-4m)",Rendah,4
Indie Track 31,Artist_indie_31,indie,1793977,1807446,157598,"indie, music",5,2.6266333333333334,157.598,14.399946058426467,14.407425910316825,0.9925474993180989,0.9925474993180989,0.19503915461128696,"Sedang
(2.5-4m)",Sedang,4
Indie Track 32,Artist_indie_32,indie,1190429,664309,225602,"indie, music",4,3.7600333333333333,225.602,13.989825144356312,13.406504186979742,1.7919781427345667,1.7919781427345667,0.12160663178605205,"Sedang
(2.5-4m)",Rendah,4
Indie Track 33,Artist_indie_33,indie,1438148,1286706,294491,"indie, music",5,4.908183333333334,294.491,14.178867428028868,14.06759679943185,1.1176965696153047,1.1176965696153047,0.15174612544976127,"Panjang
(4-6m)",Rendah,4
Indie Track 34,Artist_indie_34,indie,2091711,1174743,277986,"indie, music",5,4.6331,277.986,14.553493427385922,13.976560809482345,1.780567510878966,1.780567510878966,0.23126387700428386,"Panjang
(4-6m)",Sedang,4
Indie Track 35,Artist_indie_35,indie,1389271,747516,316837,"indie, music",3,5.280616666666667,316.837,14.144290426899452,13.524512326463288,1.858514254525315,1.858514254525315,0.14579935498887164,"Panjang
(4-6m)",Rendah,4
Indie Track 36,Artist_indie_36,indie,1420851,938326,160000,"indie, music",2,2.6666666666666665,160.0,14.16676724964941,13.751853781309089,1.5142386396213687,1.5142386396213687,0.14964163277095513,"Sedang
(2.5-4m)",Rendah,4
Indie Track 37,Artist_indie_37,indie,2530897,1032790,225778,"indie, music",2,3.762966666666667,225.778,14.744084738438612,13.847775404301544,2.4505413002243435,2.4505413002243435,0.28469879182385677,"Sedang
(2.5-4m)",Sedang,4
Indie Track 38,Artist_indie_38,indie,1417039,1032531,211217,"indie, music",4,3.5202833333333334,211.217,14.164080746926478,13.847524596073137,1.3723923326347272,1.3723923326347272,0.14917783407224386,"Sedang
(2.5-4m)",Rendah,4
Indie Track 39,Artist_indie_39,indie,1306813,792793,173747,"indie, music",4,2.895783333333333,173.747,14.083102671844198,13.58331869385626,1.6483638877186255,1.6483638877186255,0.1357668489294974,"Sedang
(2.5-4m)",Rendah,4
Indie Track 40,Artist_indie_40,indie,1462602,614018,124742,"indie, music",2,2.0790333333333333,124.742,14.195728282958687,13.32778115127591,2.382014237344447,2.382014237344447,0.1547213965353556,"Pendek
(<2.5m)",Rendah,4
Indie Track 41,Artist_indie_41,indie,1407779,1002718,273379,"indie, music",2,4.556316666666667,273.379,14.157524553491822,13.818225868170627,1.4039616283325638,1.4039616283325638,0.1480511877054898,"Panjang
(4-6m)",Rendah,4
Indie Track 42,Artist_indie_42,indie,1240111,852854,176283,"indie, music",7,2.93805,176.283,14.030712256083026,13.656344823747501,1.4540701526050734,1.4540701526050734,0.1276513450466433,"Sedang
(2.5-4m)",Rendah,4
Indie Track 43,Artist_indie_43,indie,1427940,1202190,238527,"indie, music",6,3.97545,238.527,14.171744104501505,13.999656283284015,1.187781309292783,1.187781309292783,0.15050413774870022,"Sedang
(2.5-4m)",Rendah,4
Indie Track 44,Artist_indie_44,indie,1161613,1031740,143511,"indie, music",2,2.39185,143.511,13.965320975321637,13.84675822453341,1.1258765523518015,1.1258765523518015,0.11810064456095651,"Pendek
(<2.5m)",Rendah,4
Indie Track 45,Artist_indie_45,indie,1471168,823457,289222,"indie, music",6,4.820366666666667,289.222,14.20156788081588,13.621267825477702,1.7865732071338185,1.7865732071338185,0.1557636052586402,"Panjang
(4-6m)",Rendah,4
Indie Track 46,Artist_indie_46,indie,1180792,1232415,291252,"indie, music",2,4.8542,291.252,13.981696804626491,14.024487028418166,0.9581115467504479,0.9581115467504479,0.12043411655533837,"Panjang
(4-6m)",Rendah,4
Indie Track 47,Artist_indie_47,indie,1282622,1044723,294488,"indie, music",3,4.908133333333334,294.488,14.064417757861083,13.859263293664048,1.2277137310906996,1.2277137310906996,0.13282357654740803,"Panjang
(4-6m)",Rendah,4
Indie Track 48,Artist_indie_48,indie,1903577,1323780,253694,"indie, music",5,4.228233333333334,253.694,14.45924583111251,14.096002593942718,1.4379848328386644,1.4379848328386644,0.20837397553960707,"Panjang
(4-6m)",Sedang,4
Indie Track 49,Artist_indie_49,indie,1100333,908531,290855,"indie, music",2,4.847583333333334,290.855,13.911124328044044,13.719585389092932,1.211110890975772,1.211110890975772,0.11064482497621694,"Panjang
(4-6m)",Rendah,4
Indie Track 50,Artist_indie_50,indie,1279078,497993,194152,"indie, music",2,3.2358666666666664,194.152,14.06165084565895,13.118343307741439,2.568460664184709,2.568460664184709,0.13239238489257257,"Sedang
(2.5-4m)",Rendah,4
Indie Track 51,Artist_indie_51,indie,1575894,1133325,186384,"indie, music",4,3.1064,186.384,14.270333922814977,13.94066723030911,1.3905037032592564,1.3905037032592564,0.16850541599348737,"Sedang
(2.5-4m)",Rendah,4
Indie Track 52,Artist_indie_52,indie,2134919,1017340,331873,"indie, music",4,5.5312166666666664,331.873,14.573939733216822,13.832702918731918,2.098528418691471,2.098528418691471,0.23652091115274054,"Panjang
(4-6m)",Sedang,4
Indie Track 53,Artist_indie_53,indie,1593025,1228487,245261,"indie, music",4,4.087683333333334,245.261,14.281145910165145,14.021294702885896,1.2967363132566212,1.2967363132566212,0.17058971177198237,"Panjang
(4-6m)",Rendah,4
Indie Track 54,Artist_indie_54,indie,1786468,1063671,297465,"indie, music",4,4.95775,297.465,14.395751603930089,13.877237630681863,1.6795290277453951,1.6795290277453951,0.1941255490423932,"Panjang
(4-6m)",Sedang,4
Indie Track 55,Artist_indie_55,indie,985323,1033245,228670,"indie, music",4,3.811166666666667,228.67,13.800725800077448,13.848215861086544,0.9536189832818128,0.9536189832818128,0.09665177976667229,"Sedang
(2.5-4m)",Rendah,4
Indie Track 56,Artist_indie_56,indie,1406347,749705,225884,"indie, music",3,3.7647333333333335,225.884,14.156506831395598,13.527436408660408,1.875864672284869,1.875864672284869,0.14787695902328765,"Sedang
(2.5-4m)",Rendah,4
Indie Track 57,Artist_indie_57,indie,1421412,554857,271917,"indie, music",5,4.53195,271.917,14.167162005245588,13.226467504136021,2.56175814352501,2.56175814352501,0.14970988856056086,"Panjang
(4-6m)",Rendah,4
Indie Track 58,Artist_indie_58,indie,1349071,642330,266766,"indie, music",6,4.4461,266.766,14.114927506634404,13.372859026132279,2.1002738463502464,2.1002738463502464,0.14090829840749877,"Panjang
(4-6m)",Rendah,4
Indie Track 59,Artist_indie_59,indie,1618063,1316221,207524,"indie, music",4,3.4587333333333334,207.524,14.296740930824475,14.090276069649452,1.229323776688127,1.229323776688127,0.1736360370128882,"Sedang
(2.5-4m)",Sedang,4
Indie Track 60,Artist_indie_60,indie,902127,454505,202272,"indie, music",3,3.3712,202.272,13.712511695850546,13.026966393832666,1.984851685126269,1.984851685126269,0.08652948266856535,"Sedang
(2.5-4m)",Rendah,4
Indie Track 61,Artist_indie_61,indie,1377407,978168,253073,"indie, music",3,4.217883333333333,253.073,14.13571403012001,13.793437735724464,1.4081482852145182,1.4081482852145182,0.14435588495699583,"Panjang
(4-6m)",Rendah,4
Indie Track 62,Artist_indie_62,indie,423725,924630,181421,"indie, music",5,3.0236833333333335,181.421,12.95684229890471,13.737150017986325,0.458263891217145,0.458263891217145,0.028323232652596408,"Sedang
(2.5-4m)",Rendah,4
Indie Track 63,Artist_indie_63,indie,1430490,1129913,136018,"indie, music",4,2.266966666666667,136.018,14.173528299946044,13.93765208159761,1.2660167056961857,1.2660167056961857,0.15081439133781716,"Pendek
(<2.5m)",Rendah,4
Indie Track 64,Artist_indie_64,indie,1650524,831895,221631,"indie, music",7,3.69385,221.631,14.316603977085846,13.631462711990194,1.9840508909767567,1.9840508909767567,0.17758550436830972,"Sedang
(2.5-4m)",Sedang,4
Indie Track 65,Artist_indie_65,indie,1110519,1063204,234286,"indie, music",5,3.9047666666666667,234.286,13.920338932059892,13.876798489154163,1.0445012956109123,1.0445012956109123,0.11188413597964642,"Sedang
(2.5-4m)",Rendah,4
Indie Track 66,Artist_indie_66,indie,2038510,1455346,311427,"indie, music",5,5.19045,311.427,14.527730197351488,14.190754918126503,1.4007037496899364,1.4007037496899364,0.22479101379071123,"Panjang
(4-6m)",Sedang,4
Indie Track 67,Artist_indie_67,indie,998363,1029978,225428,"indie, music",4,3.7571333333333334,225.428,13.813873218254898,13.845048971648458,0.9693042285328147,0.9693042285328147,0.09823833145376439,"Sedang
(2.5-4m)",Rendah,4
Indie Track 68,Artist_indie_68,indie,1429216,670996,215527,"indie, music",3,3.5921166666666666,215.527,14.172637299826953,13.416519945004927,2.1299886586676244,2.1299886586676244,0.15065938621133285,"Sedang
(2.5-4m)",Rendah,4
Indie Track 69,Artist_indie_69,indie,1122811,867483,186155,"indie, music",3,3.1025833333333335,186.155,13.93134681097955,13.673352346829027,1.2943305006201844,1.2943305006201844,0.1133796799472642,"Sedang
(2.5-4m)",Rendah,4
Indie Track 70,Artist_indie_70,indie,1483802,1209880,216647,"indie, music",5,3.6107833333333335,216.647,14.210118944571345,14.006032565629091,1.2264032578410604,1.2264032578410604,0.15730075970762192,"Sedang
(2.5-4m)",Rendah,4
Indie Track 71,Artist_indie_71,indie,1506445,1047543,238075,"indie, music",7,3.9679166666666665,238.075,14.225263792236975,13.861958934669524,1.4380732456106855,1.4380732456106855,0.16005568991090613,"Sedang
(2.5-4m)",Rendah,4
Indie Track 72,Artist_indie_72,indie,1149936,538453,170548,"indie, music",7,2.8424666666666667,170.548,13.955217716230115,13.196457349460049,2.1356253273260113,2.1356253273260113,0.11667992645894926,"Sedang
(2.5-4m)",Rendah,4
Indie Track 73,Artist_indie_73,indie,962733,1043567,299300,"indie, music",7,4.988333333333333,299.3,13.777532432479072,13.858156168685282,0.9225397865783542,0.9225397865783542,0.09390329797131872,"Panjang
(4-6m)",Rendah,4
Indie Track 74,Artist_indie_74,indie,2504085,1197730,210369,"indie, music",4,3.50615,210.369,14.733434355660272,13.995939491542947,2.0906906475661065,2.0906906475661065,0.2814366274193849,"Sedang
(2.5-4m)",Sedang,4
Indie Track 75,Artist_indie_75,indie,1021469,738461,179541,"indie, music",5,2.99235,179.541,13.836753324232925,13.512324923976333,1.3832384063093295,1.3832384063093295,0.10104959397538632,"Sedang
(2.5-4m)",Rendah,4
Indie Track 76,Artist_indie_76,indie,1110732,1051939,280408,"indie, music",2,4.673466666666667,280.408,13.920530715706915,13.866146636432747,1.0558891191512825,1.0558891191512825,0.11191005127944323,"Panjang
(4-6m)",Rendah,4
Indie Track 77,Artist_indie_77,indie,1017265,1072477,312963,"indie, music",4,5.21605,312.963,13.832629194420507,13.885482416753405,0.9485182912842968,0.9485182912842968,0.10053810139160295,"Panjang
(4-6m)",Rendah,4
Indie Track 78,Artist_indie_78,indie,1086276,1190097,203836,"indie, music",4,3.397266666666667,203.836,13.898266811409332,13.989546214638072,0.9127618061705842,0.9127618061705842,0.10893453685770058,"Sedang
(2.5-4m)",Rendah,4
Indie Track 79,Artist_indie_79,indie,1631337,1270673,308427,"indie, music",6,5.14045,308.427,14.304911094958241,14.055058026320156,1.2838359799602417,1.2838359799602417,0.17525105902933455,"Panjang
(4-6m)",Sedang,4
Indie Track 80,Artist_indie_80,indie,2007311,792359,248198,"indie, music",6,4.136633333333333,248.198,14.512307071600793,13.582771112976618,2.533332071280731,2.533332071280731,0.22099509154488406,"Panjang
(4-6m)",Sedang,4
Metal Track 1,Artist_metal_1,metal,1085287,1480211,300635,"metal, music",5,5.010583333333333,300.635,13.897355947522339,14.207695878725207,0.7331970015105944,0.7331970015105944,0.10881420713235285,"Panjang
(4-6m)",Rendah,6
Metal Track 2,Artist_metal_2,metal,3061470,1099436,293026,"metal, music",5,4.883766666666666,293.026,14.934406077374472,13.910308788563146,2.7845797439962454,2.7845797439962454,0.34925258693700995,"Panjang
(4-6m)",Tinggi,6
Metal Track 3,Artist_metal_3,metal,1685873,1364966,253625,"metal, music",5,4.227083333333334,253.625,14.337794681655195,14.126640810484782,1.2351016544722326,1.2351016544722326,0.18188634912191545,"Panjang
(4-6m)",Sedang,6
Metal Track 4,Artist_metal_4,metal,2017325,1486153,331835,"metal, music",3,5.530583333333333,331.835,14.517283430053737,14.211702132806773,1.357413161758472,1.357413161758472,0.22221347563955737,"Panjang
(4-6m)",Sedang,6
Metal Track 5,Artist_metal_5,metal,3952788,865067,217405,"metal, music",4,3.6234166666666665,217.405,15.189931963672324,13.670563395540961,4.569337901760324,4.569337901760324,0.45769753146427655,"Sedang
(2.5-4m)",Tinggi,6
Metal Track 6,Artist_metal_6,metal,3161833,495987,415509,"metal, music",3,6.92515,415.509,14.966662796954742,13.114307011866009,6.374817535908127,6.374817535908127,0.36146355986428175,"Sangat Panjang
(>6m)",Tinggi,6
Metal Track 7,Artist_metal_7,metal,2321834,1507549,202015,"metal, music",5,3.3669166666666666,202.015,14.657868379283608,14.225996374529302,1.540137308878644,1.540137308878644,0.259262499235012,"Sedang
(2.5-4m)",Sedang,6
Metal Track 8,Artist_metal_8,metal,972536,1336269,345617,"metal, music",2,5.760283333333334,345.617,13.78766340002349,14.105392708468504,0.7277990226526077,0.7277990226526077,0.09509601010234355,"Panjang
(4-6m)",Rendah,6
Metal Track 9,Artist_metal_9,metal,1169212,1779281,258709,"metal, music",4,4.311816666666667,258.709,13.971841430871066,14.391720470105872,0.6571257394836794,0.6571257394836794,0.119025200256525,"Panjang
(4-6m)",Rendah,6
Metal Track 10,Artist_metal_10,metal,1352185,1626247,172384,"metal, music",7,2.873066666666667,172.384,14.117233100087114,14.301786078984883,0.8314752731440715,0.8314752731440715,0.14128717279044392,"Sedang
(2.5-4m)",Rendah,6
Metal Track 11,Artist_metal_11,metal,2433617,1023309,379589,"metal, music",6,6.326483333333333,379.589,14.704889596909515,13.838553029332385,2.378181587202314,2.378181587202314,0.27286292156923103,"Sangat Panjang
(>6m)",Sedang,6
Metal Track 12,Artist_metal_12,metal,2276042,1854778,268737,"metal, music",4,4.47895,268.737,14.637948966844268,14.433276109459934,1.2271230157339499,1.2271230157339499,0.2536910747829168,"Panjang
(4-6m)",Sedang,6
Metal Track 13,Artist_metal_13,metal,2571875,1592921,319003,"metal, music",2,5.316716666666666,319.003,14.76014615166888,14.281080623474944,1.6145643038391082,1.6145643038391082,0.28968450616692887,"Panjang
(4-6m)",Sedang,6
Metal Track 14,Artist_metal_14,metal,2309706,1455221,295809,"metal, music",4,4.93015,295.809,14.652631234626286,14.190669024268582,1.5871846357462984,1.5871846357462984,0.257786908831557,"Panjang
(4-6m)",Sedang,6
Metal Track 15,Artist_metal_15,metal,1539767,1468156,257190,"metal, music",5,4.2865,257.19,14.247142313690409,14.199518430666927,1.0487754375042997,1.0487754375042997,0.16410991347818243,"Panjang
(4-6m)",Rendah,6
Metal Track 16,Artist_metal_16,metal,1985583,1100824,284219,"metal, music",4,4.736983333333334,284.219,14.501423635382286,13.911570456659145,1.8037226625485432,1.8037226625485432,0.2183514876294594,"Panjang
(4-6m)",Sedang,6
Metal Track 17,Artist_metal_17,metal,3265666,1705364,359004,"metal, music",6,5.9834,359.004,14.998974587730727,14.349289722035039,1.9149366851084666,1.9149366851084666,0.3740967210089009,"Panjang
(4-6m)",Tinggi,6
Metal Track 18,Artist_metal_18,metal,2403236,1392939,314344,"metal, music",3,5.239066666666667,314.344,14.692327136571915,14.146927179328912,1.7252975720418682,1.7252975720418682,0.2691665238080696,"Panjang
(4-6m)",Sedang,6
Metal Track 19,Artist_metal_19,metal,2000723,1042055,316369,"metal, music",5,5.2728166666666665,316.369,14.509019673018027,13.85670624265366,1.9199764695947243,1.9199764695947243,0.22019354227229487,"Panjang
(4-6m)",Sedang,6
Metal Track 20,Artist_metal_20,metal,2562542,1565718,259779,"metal, music",5,4.32965,259.779,14.756510682775815,14.263855701373203,1.6366551086114431,1.6366551086114431,0.2885489780307609,"Panjang
(4-6m)",Sedang,6
Metal Track 21,Artist_metal_21,metal,1832534,1806041,258442,"metal, music",4,4.307366666666667,258.442,14.421210812151271,14.40664826850261,1.0146685403772449,1.0146685403772449,0.1997303105468092,"Panjang
(4-6m)",Sedang,6
Metal Track 22,Artist_metal_22,metal,1717502,1405099,276324,"metal, music",2,4.6054,276.324,14.356382049802006,14.155619032594432,1.2223343534268023,1.2223343534268023,0.18573458863963294,"Panjang
(4-6m)",Sedang,6
Metal Track 23,Artist_metal_23,metal,1113603,1487183,349249,"metal, music",2,5.8208166666666665,349.249,13.923112160509865,14.212394956859201,0.7487997450214634,0.7487997450214634,0.11225936032036665,"Panjang
(4-6m)",Rendah,6
Metal Track 24,Artist_metal_24,metal,1712853,1661194,306243,"metal, music",3,5.10405,306.243,14.353671543084316,14.323047780861824,1.03109689109346,1.03109689109346,0.1851689537628468,"Panjang
(4-6m)",Sedang,6
Metal Track 25,Artist_metal_25,metal,3080306,1893522,298386,"metal, music",7,4.9731,298.386,14.940539825307177,14.453949673068276,1.6267592207752428,1.6267592207752428,0.3515443267819537,"Panjang
(4-6m)",Tinggi,6
Metal Track 26,Artist_metal_26,metal,1705018,732357,281312,"metal, music",6,4.688533333333333,281.312,14.34908681233268,13.50402474442544,2.328120946313142,2.328120946313142,0.18421568440177574,"Panjang
(4-6m)",Sedang,6
Metal Track 27,Artist_metal_27,metal,2141949,1947675,243774,"metal, music",3,4.0629,243.774,14.577227187046985,14.482147424915857,1.09974605632559,1.09974605632559,0.23737623771410998,"Panjang
(4-6m)",Sedang,6
Metal Track 28,Artist_metal_28,metal,2039160,915342,277031,"metal, music",3,4.617183333333333,277.031,14.528049006714038,13.727054137401911,2.2277550601250025,2.2277550601250025,0.2248700980389175,"Panjang
(4-6m)",Sedang,6
Metal Track 29,Artist_metal_29,metal,2201143,988050,264952,"metal, music",7,4.415866666666667,264.952,14.604487783175395,13.803489594830966,2.2277625345250396,2.2277625345250396,0.2445782576961445,"Panjang
(4-6m)",Sedang,6
Metal Track 30,Artist_metal_30,metal,2009227,1244645,296207,"metal, music",3,4.9367833333333335,296.207,14.513261126655806,14.034361710100018,1.61429595242342,1.61429595242342,0.22122820757498132,"Panjang
(4-6m)",Sedang,6
Metal Track 31,Artist_metal_31,metal,755947,1202753,297396,"metal, music",3,4.9566,297.396,13.535727869727223,14.00012448526808,0.6285133950915981,0.6285133950915981,0.06874404358734425,"Panjang
(4-6m)",Rendah,6
Metal Track 32,Artist_metal_32,metal,1368220,1805923,263451,"metal, music",4,4.39085,263.451,14.129021913824486,14.40658293012454,0.757628781720604,0.757628781720604,0.14323812035965572,"Panjang
(4-6m)",Rendah,6
Metal Track 33,Artist_metal_33,metal,2510538,1323546,305618,"metal, music",6,5.093633333333333,305.618,14.736008029090268,14.095825811919024,1.8968257266270105,1.8968257266270105,0.282221751501962,"Panjang
(4-6m)",Sedang,6
Metal Track 34,Artist_metal_34,metal,1938066,1686098,294435,"metal, music",2,4.90725,294.435,14.477201642558686,14.337928134681263,1.1494378443970372,1.1494378443970372,0.21257018574943218,"Panjang
(4-6m)",Sedang,6
Metal Track 35,Artist_metal_35,metal,2313346,1042338,297660,"metal, music",5,4.961,297.66,14.654205951578406,13.856977784277717,2.219379683577032,2.219379683577032,0.2582297806215122,"Panjang
(4-6m)",Sedang,6
Metal Track 36,Artist_metal_36,metal,2041022,1538740,257840,"metal, music",2,4.2973333333333334,257.84,14.52896171071428,14.246475107560364,1.3264233551975284,1.3264233551975284,0.22509664399300996,"Panjang
(4-6m)",Sedang,6
Metal Track 37,Artist_metal_37,metal,1629408,1249541,314630,"metal, music",3,5.243833333333333,314.63,14.303727930349009,14.038287642137604,1.3040041871341659,1.3040041871341659,0.17501636131427317,"Panjang
(4-6m)",Sedang,6
Metal Track 38,Artist_metal_38,metal,2722330,1378984,251199,"metal, music",5,4.18665,251.199,14.816999056564063,14.136858279268854,1.974154903787931,1.974154903787931,0.307990076265199,"Panjang
(4-6m)",Sedang,6
Metal Track 39,Artist_metal_39,metal,1956179,1840834,301525,"metal, music",4,5.025416666666667,301.525,14.486504149882778,14.425729830994943,1.0626585218121125,1.0626585218121125,0.21477395957675574,"Panjang
(4-6m)",Sedang,6
Metal Track 40,Artist_metal_40,metal,1499698,1170000,284088,"metal, music",2,4.7348,284.088,14.220774979269523,13.972515161474428,1.2817920668443874,1.2817920668443874,0.15923479541452498,"Panjang
(4-6m)",Rendah,6
Metal Track 41,Artist_metal_41,metal,2131950,831259,354864,"metal, music",2,5.9144,354.864,14.57254808088931,13.630697900955028,2.5647210259124704,2.5647210259124704,0.2361596786405491,"Panjang
(4-6m)",Sedang,6
Metal Track 42,Artist_metal_42,metal,1627023,1226963,374152,"metal, music",7,6.2358666666666664,374.152,14.302263137167978,14.020053383409326,1.3260560212035561,1.3260560212035561,0.1747261829573932,"Sangat Panjang
(>6m)",Sedang,6
Metal Track 43,Artist_metal_43,metal,2402288,936547,227849,"metal, music",5,3.7974833333333335,227.849,14.691932590787626,13.749956054224453,2.5650452512845043,2.5650452512845043,0.26905118247376264,"Sedang
(2.5-4m)",Sedang,6
Metal Track 44,Artist_metal_44,metal,2490733,1020282,335017,"metal, music",5,5.583616666666667,335.017,14.72808800411853,13.83559059775844,2.441217779772867,2.441217779772867,0.2798121152931538,"Panjang
(4-6m)",Sedang,6
Metal Track 45,Artist_metal_45,metal,2082979,1239667,388688,"metal, music",6,6.478133333333333,388.688,14.549310118660769,14.030354159796465,1.6802716533781625,1.6802716533781625,0.23020147138068814,"Sangat Panjang
(>6m)",Sedang,6
Metal Track 46,Artist_metal_46,metal,1404585,1016629,233498,"metal, music",2,3.8916333333333335,233.498,14.155253155406921,13.832003793691335,1.3816088449091606,1.3816088449091606,0.14766257987661155,"Sedang
(2.5-4m)",Rendah,6
Metal Track 47,Artist_metal_47,metal,2308640,1624659,252967,"metal, music",3,4.216116666666666,252.967,14.65216959768644,14.300809121084933,1.4209988551450765,1.4209988551450765,0.25765721066449876,"Panjang
(4-6m)",Sedang,6
Metal Track 48,Artist_metal_48,metal,2060814,1285766,250226,"metal, music",2,4.170433333333333,250.226,14.53861209359239,14.066865985404704,1.602789618958956,1.602789618958956,0.22750469851685406,"Panjang
(4-6m)",Sedang,6
Metal Track 49,Artist_metal_49,metal,1484547,1875462,279804,"metal, music",6,4.6634,279.804,14.210620906782447,14.444366120236964,0.7915629367254913,0.7915629367254913,0.15739140242287372,"Panjang
(4-6m)",Rendah,6
Metal Track 50,Artist_metal_50,metal,2266168,1603264,288332,"metal, music",5,4.805533333333333,288.332,14.633601298548129,14.287552732962975,1.413470636482428,1.413470636482428,0.25248972421862637,"Panjang
(4-6m)",Sedang,6
Metal Track 51,Artist_metal_51,metal,2847125,1152287,222152,"metal, music",2,3.7025333333333332,222.152,14.861820622393608,13.95726008899318,2.4708449623705184,2.4708449623705184,0.32317364358043354,"Sedang
(2.5-4m)",Sedang,6
Metal Track 52,Artist_metal_52,metal,1802879,1562023,290784,"metal, music",4,4.8464,290.784,14.40489594423009,14.261492974180502,1.1541941737130799,1.1541941737130799,0.19612224380749047,"Panjang
(4-6m)",Sedang,6
Metal Track 53,Artist_metal_53,metal,1542110,1436656,229011,"metal, music",6,3.81685,229.011,14.248662814950455,14.177829444850902,1.0734016539786462,1.0734016539786462,0.16439498177594752,"Sedang
(2.5-4m)",Rendah,6
Metal Track 54,Artist_metal_54,metal,1187864,1786638,260310,"metal, music",3,4.3385,260.31,13.98766813608399,14.395846759184353,0.6648595491310779,0.6648595491310779,0.12129455317582266,"Panjang
(4-6m)",Rendah,6
Metal Track 55,Artist_metal_55,metal,2377229,872512,360843,"metal, music",6,6.01405,360.843,14.681446502283958,13.679132832661187,2.7245771696238337,2.7245771696238337,0.26600230220329935,"Sangat Panjang
(>6m)",Sedang,6
Metal Track 56,Artist_metal_56,metal,3102564,1448669,292035,"metal, music",4,4.86725,292.035,14.947739746687525,14.186156452094162,2.1416637329412493,2.1416637329412493,0.354252414776685,"Panjang
(4-6m)",Tinggi,6
Metal Track 57,Artist_metal_57,metal,2402131,1660789,199060,"metal, music",5,3.3176666666666668,199.06,14.691867234316968,14.322803950740974,1.4463785306992456,1.4463785306992456,0.26903208058611894,"Sedang
(2.5-4m)",Sedang,6
Metal Track 58,Artist_metal_58,metal,1438226,1503804,312651,"metal, music",6,5.21085,312.651,14.178921662941145,14.223509120830764,0.9563912874342085,0.9563912874342085,0.15175561555954603,"Panjang
(4-6m)",Rendah,6
Metal Track 59,Artist_metal_59,metal,1938047,699941,282965,"metal, music",3,4.716083333333334,282.965,14.47719183892799,13.458752753449842,2.7688679919193304,2.7688679919193304,0.21256787405602307,"Panjang
(4-6m)",Sedang,6
Metal Track 60,Artist_metal_60,metal,2996882,1443226,291017,"metal, music",6,4.8502833333333335,291.017,14.913083306497718,14.182392136541216,2.076514643919494,2.076514643919494,0.3413942893629375,"Panjang
(4-6m)",Tinggi,6
Metal Track 61,Artist_metal_61,metal,3275861,1559745,323600,"metal, music",7,5.3933333333333335,323.6,15.002091598525709,14.260033545456201,2.1002528616838894,2.1002528616838894,0.37533712702499783,"Panjang
(4-6m)",Tinggi,6
Metal Track 62,Artist_metal_62,metal,3188947,858563,265345,"metal, music",5,4.422416666666667,265.345,14.975201639807196,13.66301650517239,3.7142798906080388,3.7142798906080388,0.364762468027151,"Panjang
(4-6m)",Tinggi,6
Metal Track 63,Artist_metal_63,metal,2499739,1484709,271583,"metal, music",4,4.526383333333333,271.583,14.731697284430053,14.210730024952818,1.6836547204504584,1.6836547204504584,0.2809078579690703,"Panjang
(4-6m)",Sedang,6
Metal Track 64,Artist_metal_64,metal,2518846,1515322,275216,"metal, music",5,4.5869333333333335,275.216,14.739311815101848,14.231139175521568,1.6622502265193626,1.6622502265193626,0.28323256986211237,"Panjang
(4-6m)",Sedang,6
Metal Track 65,Artist_metal_65,metal,2948324,960054,257565,"metal, music",5,4.29275,257.565,14.896747770448293,13.77474585346958,3.070994890917708,3.070994890917708,0.33548633101770603,"Panjang
(4-6m)",Tinggi,6
Metal Track 66,Artist_metal_66,metal,1245453,1895277,254047,"metal, music",2,4.234116666666667,254.047,14.035010680043683,14.454876087585966,0.6571347316858002,0.6571347316858002,0.12830129589882475,"Panjang
(4-6m)",Rendah,6
Metal Track 67,Artist_metal_67,metal,2198039,1637167,246436,"metal, music",3,4.107266666666667,246.436,14.603076612142264,14.308478477843767,1.3425860998993384,1.3425860998993384,0.24420059999394095,"Panjang
(4-6m)",Sedang,6
Metal Track 68,Artist_metal_68,metal,1906507,1809304,258572,"metal, music",6,4.309533333333333,258.572,14.460783854441946,14.408453351603065,1.053723391025836,1.053723391025836,0.20873046299690612,"Panjang
(4-6m)",Sedang,6
Metal Track 69,Artist_metal_69,metal,2392792,1456907,301269,"metal, music",7,5.02115,301.269,14.6879718608506,14.191826939738275,1.6423768693699259,1.6423768693699259,0.267895822441506,"Panjang
(4-6m)",Sedang,6
Metal Track 70,Artist_metal_70,metal,2941003,1146991,286678,"metal, music",7,4.777966666666667,286.678,14.894261577616811,13.952653421370533,2.5641007086361545,2.5641007086361545,0.334595599046755,"Panjang
(4-6m)",Tinggi,6
Metal Track 71,Artist_metal_71,metal,1965435,1845605,302064,"metal, music",2,5.0344,302.064,14.491224661624772,14.42831823681169,1.064926641981008,1.064926641981008,0.21590011927121314,"Panjang
(4-6m)",Sedang,6
Metal Track 72,Artist_metal_72,metal,2412780,1202673,313542,"metal, music",7,5.2257,313.542,14.696290582096333,14.000057969038927,2.0061795632066546,2.0061795632066546,0.2703277239078861,"Panjang
(4-6m)",Sedang,6
Metal Track 73,Artist_metal_73,metal,2171551,1041264,186378,"metal, music",4,3.1063,186.378,14.590952677251003,13.855946878121733,2.0854931261494434,2.0854931261494434,0.24097785604549804,"Sedang
(2.5-4m)",Sedang,6
Metal Track 74,Artist_metal_74,metal,1970620,1400299,303273,"metal, music",4,5.05455,303.273,14.493859279466525,14.152197057343868,1.407284153395701,1.407284153395701,0.2165309682357509,"Panjang
(4-6m)",Sedang,6
Metal Track 75,Artist_metal_75,metal,2493937,1347077,269773,"metal, music",3,4.496216666666666,269.773,14.72937354524992,14.113448360174784,1.8513679237579412,1.8513679237579412,0.28020193980277364,"Panjang
(4-6m)",Sedang,6
Metal Track 76,Artist_metal_76,metal,1656448,1556809,290765,"metal, music",6,4.8460833333333335,290.765,14.320186712442519,14.25814941382593,1.0640013874525471,1.0640013874525471,0.17830626603965433,"Panjang
(4-6m)",Sedang,6
Metal Track 77,Artist_metal_77,metal,2244593,1599416,247701,"metal, music",4,4.12835,247.701,14.624035216478656,14.285149745809308,1.4033819823098042,1.4033819823098042,0.24986473551854876,"Panjang
(4-6m)",Sedang,6
Metal Track 78,Artist_metal_78,metal,1550113,984346,308896,"metal, music",3,5.148266666666666,308.896,14.253839034577975,13.79973375614714,1.574762761505851,1.574762761505851,0.16536869137347807,"Panjang
(4-6m)",Rendah,6
Metal Track 79,Artist_metal_79,metal,1996189,2027415,314739,"metal, music",3,5.24565,314.739,14.506750921703992,14.522272633780522,0.9845976356110439,0.9845976356110439,0.21964189922403754,"Panjang
(4-6m)",Sedang,6
Metal Track 80,Artist_metal_80,metal,1875513,1177533,308744,"metal, music",4,5.145733333333333,308.744,14.444393313152306,13.97893297919045,1.5927463665592672,1.5927463665592672,0.20495948270628248,"Panjang
(4-6m)",Sedang,6
Rnb Track 1,Artist_rnb_1,rnb,2914855,1185203,359835,"rnb, music",2,5.99725,359.835,14.88533097688958,13.985425469633665,2.459369863753413,2.459369863753413,0.3314142222435277,"Panjang
(4-6m)",Sedang,8
Rnb Track 2,Artist_rnb_2,rnb,1963423,1643599,229677,"rnb, music",7,3.82795,229.677,14.490200445859442,14.312399515991391,1.1945868824531516,1.1945868824531516,0.21565532310599617,"Sedang
(2.5-4m)",Sedang,8
Rnb Track 3,Artist_rnb_3,rnb,1540133,2741700,192614,"rnb, music",5,3.2102333333333335,192.614,14.247379983591415,14.824089088665543,0.5617436036971208,0.5617436036971208,0.1641544439933263,"Sedang
(2.5-4m)",Rendah,8
Rnb Track 4,Artist_rnb_4,rnb,4330156,942988,284406,"rnb, music",2,4.7401,284.406,15.281114357981851,13.756809896648301,4.591947520066512,4.591947520066512,0.50361116927521,"Panjang
(4-6m)",Tinggi,8
Rnb Track 5,Artist_rnb_5,rnb,2754414,1727833,158949,"rnb, music",2,2.64915,158.949,14.828715636823746,14.362379158916804,1.5941427243589372,1.5941427243589372,0.31189367475666085,"Sedang
(2.5-4m)",Sedang,8
Rnb Track 6,Artist_rnb_6,rnb,3534204,2384153,185401,"rnb, music",2,3.0900166666666666,185.401,15.077998938102418,14.684354902396496,1.4823723635302082,1.4823723635302082,0.4067692223086201,"Sedang
(2.5-4m)",Tinggi,8
Rnb Track 7,Artist_rnb_7,rnb,3611189,2474467,299057,"rnb, music",4,4.984283333333333,299.057,15.099547915878968,14.721535981385024,1.4593799556106606,1.4593799556106606,0.41613583899809753,"Panjang
(4-6m)",Tinggi,8
Rnb Track 8,Artist_rnb_8,rnb,1857546,2690369,201057,"rnb, music",6,3.35095,201.057,14.43476735808032,14.805189288587774,0.6904425785300906,0.6904425785300906,0.2027734724177868,"Sedang
(2.5-4m)",Sedang,8
Rnb Track 9,Artist_rnb_9,rnb,4318237,1921820,276442,"rnb, music",3,4.607366666666667,276.442,15.278358006648178,14.4687837320213,2.246950678549147,2.246950678549147,0.5021610074992552,"Panjang
(4-6m)",Tinggi,8
Rnb Track 10,Artist_rnb_10,rnb,3074319,2176414,259326,"rnb, music",6,4.3221,259.326,14.938594296556714,14.593189585685577,1.412561023518033,1.412561023518033,0.3508159000219368,"Panjang
(4-6m)",Tinggi,8
Rnb Track 11,Artist_rnb_11,rnb,2184986,2335021,255475,"rnb, music",5,4.257916666666667,255.475,14.597120436837377,14.663531870882291,0.9357453591443678,0.9357453591443678,0.24261246662188474,"Panjang
(4-6m)",Sedang,8
Rnb Track 12,Artist_rnb_12,rnb,3058200,1233033,275405,"rnb, music",3,4.590083333333333,275.405,14.933337392545868,14.024988356786574,2.480223578587452,2.480223578587452,0.34885473233449527,"Panjang
(4-6m)",Tinggi,8
Rnb Track 13,Artist_rnb_13,rnb,3511698,2553562,270625,"rnb, music",6,4.510416666666667,270.625,15.07161052391382,14.753000196784285,1.375214944765412,1.375214944765412,0.4040309606314963,"Panjang
(4-6m)",Tinggi,8
Rnb Track 14,Artist_rnb_14,rnb,3112764,2673437,249783,"rnb, music",3,4.16305,249.783,14.951021956693097,14.798875842527863,1.1643299751107001,1.1643299751107001,0.35549342913315274,"Panjang
(4-6m)",Tinggi,8
Rnb Track 15,Artist_rnb_15,rnb,3566338,2932994,195820,"rnb, music",5,3.2636666666666665,195.82,15.087050137384917,14.89153464321896,1.2159372927672907,1.2159372927672907,0.41067890420379016,"Sedang
(2.5-4m)",Tinggi,8
Rnb Track 16,Artist_rnb_16,rnb,3448749,1786907,216739,"rnb, music",7,3.6123166666666666,216.739,15.053522404513632,14.395997309883985,1.9300092674049252,1.9300092674049252,0.3963720770309778,"Sedang
(2.5-4m)",Tinggi,8
Rnb Track 17,Artist_rnb_17,rnb,5252690,3642933,194007,"rnb, music",7,3.23345,194.007,15.474251074676515,15.108299958889997,1.4418844810254592,1.4418844810254592,0.6158541044055645,"Sedang
(2.5-4m)",Tinggi,8
Rnb Track 18,Artist_rnb_18,rnb,3640657,1643322,179072,"rnb, music",6,2.9845333333333333,179.072,15.107674992506904,14.31223096929854,2.2154238698052664,2.2154238698052664,0.41972115380754765,"Sedang
(2.5-4m)",Tinggi,8
Rnb Track 19,Artist_rnb_19,rnb,4544730,2002697,264279,"rnb, music",5,4.40465,264.279,15.329479097923569,14.510005829441196,2.2693037092961594,2.2693037092961594,0.5297179746207697,"Panjang
(4-6m)",Tinggi,8
Rnb Track 20,Artist_rnb_20,rnb,2547376,2526195,238503,"rnb, music",3,3.97505,238.503,14.750574760283344,14.742225171914852,1.0083841475483295,1.0083841475483295,0.2867037600179972,"Sedang
(2.5-4m)",Sedang,8
Rnb Track 21,Artist_rnb_21,rnb,2384587,1348507,254543,"rnb, music",7,4.242383333333334,254.543,14.684536921050976,14.114509354061937,1.7683150563437517,1.7683150563437517,0.2668975358929944,"Panjang
(4-6m)",Sedang,8
Rnb Track 22,Artist_rnb_22,rnb,4108625,1878850,187037,"rnb, music",7,3.1172833333333334,187.037,15.228599224010177,14.44617097775272,2.1867753217258845,2.1867753217258845,0.4766579191376946,"Sedang
(2.5-4m)",Tinggi,8
Rnb Track 23,Artist_rnb_23,rnb,2054433,1812145,230154,"rnb, music",2,3.8359,230.154,14.535510942185068,14.41002233629059,1.1337016995319362,1.1337016995319362,0.22672833453561672,"Sedang
(2.5-4m)",Sedang,8
Rnb Track 24,Artist_rnb_24,rnb,5147381,1290587,148021,"rnb, music",3,2.467016666666667,148.021,15.453998793871936,14.07060848643972,3.9883998611485616,3.9883998611485616,0.6030413611834801,"Pendek
(<2.5m)",Tinggi,8
Rnb Track 25,Artist_rnb_25,rnb,2628033,2435371,236735,"rnb, music",4,3.9455833333333334,236.735,14.781746596098078,14.705610074904284,1.079109474856408,1.079109474856408,0.29651714187580297,"Sedang
(2.5-4m)",Sedang,8
Rnb Track 26,Artist_rnb_26,rnb,4971678,1900221,312015,"rnb, music",2,5.20025,312.015,15.419268167983903,14.457481279416426,2.6163669297587333,2.6163669297587333,0.5816639155487298,"Panjang
(4-6m)",Tinggi,8
Rnb Track 27,Artist_rnb_27,rnb,1832112,2606171,258815,"rnb, music",7,4.313583333333334,258.815,14.420980503536711,14.773393036023842,0.7029896722088949,0.7029896722088949,0.1996789666195122,"Panjang
(4-6m)",Sedang,8
Rnb Track 28,Artist_rnb_28,rnb,4343533,2555722,258405,"rnb, music",4,4.30675,258.405,15.284198860440124,14.753845716149879,1.699531991534294,1.699531991534294,0.5052387231032952,"Panjang
(4-6m)",Tinggi,8
Rnb Track 29,Artist_rnb_29,rnb,4137059,1989641,241380,"rnb, music",4,4.023,241.38,15.235495948601612,14.503465281019333,2.079298185301677,2.079298185301677,0.4801174291584597,"Panjang
(4-6m)",Tinggi,8
Rnb Track 30,Artist_rnb_30,rnb,4432038,1932011,228815,"rnb, music",3,3.8135833333333333,228.815,15.30437030700953,14.474072504915435,2.2940012794951583,2.2940012794951583,0.5160069560071361,"Sedang
(2.5-4m)",Tinggi,8
Rnb Track 31,Artist_rnb_31,rnb,4199220,2371625,253557,"rnb, music",6,4.22595,253.557,15.250409589860284,14.679086353818168,1.7706080132364883,1.7706080132364883,0.4876804383165373,"Panjang
(4-6m)",Tinggi,8
Rnb Track 32,Artist_rnb_32,rnb,2851884,1872776,201610,"rnb, music",5,3.3601666666666667,201.61,14.863490737122701,14.442932914006962,1.522810243825079,1.522810243825079,0.32375266194537766,"Sedang
(2.5-4m)",Sedang,8
Rnb Track 33,Artist_rnb_33,rnb,4611117,2697517,245344,"rnb, music",2,4.089066666666667,245.344,15.343980901839496,14.80784264893739,1.709392485981558,1.709392485981558,0.5377951530602624,"Panjang
(4-6m)",Tinggi,8
Rnb Track 34,Artist_rnb_34,rnb,3592367,1989827,141395,"rnb, music",5,2.3565833333333335,141.395,15.094322153045237,14.503558760804397,1.8053655893876255,1.8053655893876255,0.413845802506192,"Pendek
(<2.5m)",Tinggi,8
Rnb Track 35,Artist_rnb_35,rnb,4230314,2641646,208241,"rnb, music",5,3.470683333333333,208.241,15.257787016334957,14.786913144236843,1.6013926160459744,1.6013926160459744,0.49146358541457735,"Sedang
(2.5-4m)",Tinggi,8
Rnb Track 36,Artist_rnb_36,rnb,3424820,2267075,207070,"rnb, music",2,3.4511666666666665,207.07,15.046559765538994,14.634001453409427,1.5106771894722542,1.5106771894722542,0.39346068168431936,"Sedang
(2.5-4m)",Tinggi,8
Rnb Track 37,Artist_rnb_37,rnb,3436696,2392600,250965,"rnb, music",4,4.18275,250.965,15.050021393668233,14.687891616674216,1.4363849216814673,1.4363849216814673,0.39490561173308514,"Panjang
(4-6m)",Tinggi,8
Rnb Track 38,Artist_rnb_38,rnb,2448491,2298879,293699,"rnb, music",4,4.894983333333333,293.699,14.710982882812658,14.647932605775807,1.0650799519766148,1.0650799519766148,0.274672612504339,"Panjang
(4-6m)",Sedang,8
Rnb Track 39,Artist_rnb_39,rnb,1632731,1691682,178521,"rnb, music",7,2.97535,178.521,14.305765243358705,14.341234449349818,0.9651518635583617,0.9651518635583617,0.17542066432471848,"Sedang
(2.5-4m)",Sedang,8
Rnb Track 40,Artist_rnb_40,rnb,3449383,745287,263886,"rnb, music",4,4.3981,263.886,15.053706222340827,13.521525999841197,4.628255117484785,4.628255117484785,0.3964492145899975,"Panjang
(4-6m)",Tinggi,8
Rnb Track 41,Artist_rnb_41,rnb,3696522,2250572,262165,"rnb, music",3,4.369416666666667,262.165,15.122903206061922,14.626695408425219,1.6424803816628033,1.6424803816628033,0.4265181407706919,"Panjang
(4-6m)",Tinggi,8
Rnb Track 42,Artist_rnb_42,rnb,5068261,2343195,252394,"rnb, music",6,4.206566666666666,252.394,15.43850851600879,14.667026367426946,2.1629692949288066,2.1629692949288066,0.5934149831556635,"Panjang
(4-6m)",Tinggi,8
Rnb Track 43,Artist_rnb_43,rnb,3284594,1808236,221082,"rnb, music",5,3.6847,221.082,15.004753914629065,14.40786289541429,1.8164621119908508,1.8164621119908508,0.3763996543166677,"Sedang
(2.5-4m)",Tinggi,8
Rnb Track 44,Artist_rnb_44,rnb,3606953,1872112,225735,"rnb, music",2,3.76225,225.735,15.09837420682404,14.44257829744575,1.9266748321281888,1.9266748321281888,0.4156204530359409,"Sedang
(2.5-4m)",Tinggi,8
Rnb Track 45,Artist_rnb_45,rnb,3442656,1953828,205339,"rnb, music",7,3.4223166666666667,205.339,15.051754114935711,14.485301594961129,1.7620047609079403,1.7620047609079403,0.3956307534550996,"Sedang
(2.5-4m)",Tinggi,8
Rnb Track 46,Artist_rnb_46,rnb,2155868,2874485,185262,"rnb, music",7,3.0877,185.262,14.583704448497118,14.871384433621376,0.7500012176089916,0.7500012176089916,0.2390697356383918,"Sedang
(2.5-4m)",Sedang,8
Rnb Track 47,Artist_rnb_47,rnb,1996906,2482591,193055,"rnb, music",2,3.2175833333333332,193.055,14.50711004145876,14.724813733630693,0.8043633428287854,0.8043633428287854,0.21972913523321277,"Sedang
(2.5-4m)",Sedang,8
Rnb Track 48,Artist_rnb_48,rnb,3254964,1400147,269432,"rnb, music",3,4.4905333333333335,269.432,14.995692080878824,14.15208850328384,2.3247285286983947,2.3247285286983947,0.3727946292792031,"Panjang
(4-6m)",Tinggi,8
Rnb Track 49,Artist_rnb_49,rnb,2971765,1315800,197640,"rnb, music",4,3.294,197.64,14.904666946861354,14.089956163627665,2.2585216153506495,2.2585216153506495,0.33833835234417275,"Sedang
(2.5-4m)",Tinggi,8
Rnb Track 50,Artist_rnb_50,rnb,3857062,2404333,273426,"rnb, music",5,4.5571,273.426,15.165416570995262,14.6927835000948,1.6042122267538537,1.6042122267538537,0.4460507333969009,"Panjang
(4-6m)",Tinggi,8
Rnb Track 51,Artist_rnb_51,rnb,2488053,1500808,233751,"rnb, music",3,3.89585,233.751,14.72701143678574,14.221514854017823,1.6578078889452288,1.6578078889452288,0.2794860448543956,"Sedang
(2.5-4m)",Sedang,8
Rnb Track 52,Artist_rnb_52,rnb,3448915,2361095,218306,"rnb, music",3,3.6384333333333334,218.306,15.053570536736919,14.674636475978,1.4607262898247255,1.4607262898247255,0.39639227393128895,"Sedang
(2.5-4m)",Tinggi,8
Rnb Track 53,Artist_rnb_53,rnb,5089277,1717947,194289,"rnb, music",4,3.23815,194.289,15.442646531707153,14.356641113315058,2.962416208173938,2.962416208173938,0.5959719594022838,"Sedang
(2.5-4m)",Tinggi,8
Rnb Track 54,Artist_rnb_54,rnb,5286597,1601870,221474,"rnb, music",4,3.6912333333333334,221.474,15.48068549676782,14.286682879023614,3.30026387892658,3.30026387892658,0.6199795037962265,"Sedang
(2.5-4m)",Tinggi,8
Rnb Track 55,Artist_rnb_55,rnb,3412390,1189746,183125,"rnb, music",3,3.0520833333333335,183.125,15.042923776573273,13.989251237442039,2.868164408063227,2.868164408063227,0.391948347522467,"Sedang
(2.5-4m)",Tinggi,8
Rnb Track 56,Artist_rnb_56,rnb,2445844,1589074,237426,"rnb, music",4,3.9571,237.426,14.709901224456038,14.27866264390153,1.5391620911536585,1.5391620911536585,0.2743505571120282,"Sedang
(2.5-4m)",Sedang,8
Rnb Track 57,Artist_rnb_57,rnb,2925985,1933770,286938,"rnb, music",3,4.7823,286.938,14.889142075861765,14.474982540538953,1.5130979831634666,1.5130979831634666,0.3327683879089675,"Panjang
(4-6m)",Sedang,8
Rnb Track 58,Artist_rnb_58,rnb,4907484,2856903,260547,"rnb, music",7,4.34245,260.547,15.406272148581978,14.865249078968278,1.717763004987217,1.717763004987217,0.5738535551958778,"Panjang
(4-6m)",Tinggi,8
Rnb Track 59,Artist_rnb_59,rnb,2321327,1525850,260706,"rnb, music",2,4.3451,260.706,14.657649993669313,14.238062845168137,1.5213326858258114,1.5213326858258114,0.2592008135214111,"Panjang
(4-6m)",Sedang,8
Rnb Track 60,Artist_rnb_60,rnb,3785070,2020784,179720,"rnb, music",6,2.9953333333333334,179.72,15.146575202934027,14.518996607747964,1.8730691290760768,1.8730691290760768,0.43729160540172185,"Sedang
(2.5-4m)",Tinggi,8
Rnb Track 61,Artist_rnb_61,rnb,3274344,2280173,286572,"rnb, music",2,4.7762,286.572,15.001628407048822,14.639762313808195,1.4360061995268782,1.4360061995268782,0.3751525565564918,"Panjang
(4-6m)",Tinggi,8
Rnb Track 62,Artist_rnb_62,rnb,4260960,2195072,199964,"rnb, music",6,3.3327333333333335,199.964,15.265005279659125,14.601725861341583,1.941147287584513,1.941147287584513,0.4951922252153921,"Sedang
(2.5-4m)",Tinggi,8
Rnb Track 63,Artist_rnb_63,rnb,1892337,2430155,242882,"rnb, music",5,4.048033333333334,242.882,14.453323659572957,14.703466010787022,0.7786895162285878,0.7786895162285878,0.20700642638600927,"Panjang
(4-6m)",Sedang,8
Rnb Track 64,Artist_rnb_64,rnb,3434699,2584046,278364,"rnb, music",7,4.6394,278.364,15.049440143580014,14.764867332573704,1.3291937027461187,1.3291937027461187,0.3946626405889806,"Panjang
(4-6m)",Tinggi,8
Rnb Track 65,Artist_rnb_65,rnb,3475270,1995226,229012,"rnb, music",2,3.816866666666667,229.012,15.061183019551821,14.506268386294293,1.7417917860975218,1.7417917860975218,0.39959883602586815,"Sedang
(2.5-4m)",Tinggi,8
Rnb Track 66,Artist_rnb_66,rnb,3111996,1091329,202439,"rnb, music",6,3.3739833333333333,202.439,14.950775200269671,13.902907693872697,2.851562772030458,2.851562772030458,0.35539998805219514,"Sedang
(2.5-4m)",Tinggi,8
Rnb Track 67,Artist_rnb_67,rnb,539072,2473226,298613,"rnb, music",3,4.976883333333333,298.613,13.197606276713087,14.721034333637528,0.21796300946091887,0.21796300946091887,0.042357280003134185,"Panjang
(4-6m)",Rendah,8
Rnb Track 68,Artist_rnb_68,rnb,4066769,1787668,230539,"rnb, music",2,3.8423166666666666,230.539,15.218359630548617,14.396423094535706,2.2749004429790975,2.2749004429790975,0.471565380225507,"Sedang
(2.5-4m)",Tinggi,8
Rnb Track 69,Artist_rnb_69,rnb,2478228,919547,238413,"rnb, music",3,3.97355,238.413,14.723054750137866,13.731637523947871,2.695050176826006,2.695050176826006,0.27829065602573916,"Sedang
(2.5-4m)",Sedang,8
Rnb Track 70,Artist_rnb_70,rnb,2082973,1171744,174743,"rnb, music",3,2.9123833333333335,174.743,14.549307238168089,13.974004648654022,1.7776674959142134,1.7776674959142134,0.2302007413722431,"Sedang
(2.5-4m)",Sedang,8
Rnb Track 71,Artist_rnb_71,rnb,4024669,2403468,223038,"rnb, music",7,3.7173,223.038,15.207953477895996,14.692423668375683,1.6745250302791508,1.6745250302791508,0.4664431543032234,"Sedang
(2.5-4m)",Tinggi,8
Rnb Track 72,Artist_rnb_72,rnb,4279816,2313962,120457,"rnb, music",4,2.007616666666667,120.457,15.269420809634527,14.654472196979574,1.849561120899513,1.849561120899513,0.4974863984218192,"Pendek
(<2.5m)",Tinggi,8
Rnb Track 73,Artist_rnb_73,rnb,2698549,2129311,247333,"rnb, music",7,4.122216666666667,247.333,14.808225149681482,14.57130948081352,1.2673337679024963,1.2673337679024963,0.3050966877935167,"Panjang
(4-6m)",Sedang,8
Rnb Track 74,Artist_rnb_74,rnb,3280220,1728663,262970,"rnb, music",5,4.382833333333333,262.97,15.003421356139308,14.362859413796714,1.897546313222234,1.897546313222234,0.37586747816027655,"Panjang
(4-6m)",Tinggi,8
Rnb Track 75,Artist_rnb_75,rnb,4350862,1935042,264278,"rnb, music",6,4.404633333333333,264.278,15.285884774192612,14.47564010642133,2.2484575278172114,2.2484575278172114,0.5061304284188395,"Panjang
(4-6m)",Tinggi,8
Rnb Track 76,Artist_rnb_76,rnb,4173245,2736531,210516,"rnb, music",4,3.5086,210.516,15.244204708231582,14.822201983267151,1.5250123148569066,1.5250123148569066,0.4845201100901403,"Sedang
(2.5-4m)",Tinggi,8
Rnb Track 77,Artist_rnb_77,rnb,2863846,3191316,299700,"rnb, music",6,4.995,299.7,14.86767638384797,14.975944242225392,0.8973868782073358,0.8973868782073358,0.3252080554485215,"Panjang
(4-6m)",Sedang,8
Rnb Track 78,Artist_rnb_78,rnb,2695010,1854958,275865,"rnb, music",7,4.59775,275.865,14.806912843949558,14.433373151353534,1.452867691415282,1.452867691415282,0.304666104479052,"Panjang
(4-6m)",Sedang,8
Rnb Track 79,Artist_rnb_79,rnb,3988863,2953515,235865,"rnb, music",6,3.9310833333333335,235.865,15.199017036548504,14.89850688301626,1.3505472799199327,1.3505472799199327,0.46208670723972495,"Sedang
(2.5-4m)",Tinggi,8
Rnb Track 80,Artist_rnb_80,rnb,2120445,1806492,218777,"rnb, music",5,3.6462833333333333,218.777,14.567137001880473,14.406897954666116,1.1737908754697637,1.1737908754697637,0.23475988744729798,"Sedang
(2.5-4m)",Sedang,8
Country Track 1,Artist_country_1,country,1704126,1553919,189739,"country, music",7,3.162316666666667,189.739,14.34856351411057,14.256291328533106,1.0966626338550247,1.0966626338550247,0.1841071564796219,"Sedang
(2.5-4m)",Sedang,1
Country Track 2,Artist_country_2,country,2487923,1098133,199844,"country, music",2,3.3307333333333333,199.844,14.726959185750855,13.909122933678189,2.265591448766726,2.265591448766726,0.27947022800475435,"Sedang
(2.5-4m)",Sedang,1
Country Track 3,Artist_country_3,country,2325622,746379,245428,"country, music",5,4.090466666666667,245.428,14.65949851809878,13.522990132872241,3.115868592406013,3.115868592406013,0.2597233778999434,"Panjang
(4-6m)",Sedang,1
Country Track 4,Artist_country_4,country,2098946,1526523,230435,"country, music",2,3.8405833333333335,230.435,14.556946348364876,14.238503813273896,1.37498395046524,1.37498395046524,0.23214414552085677,"Sedang
(2.5-4m)",Sedang,1
Country Track 5,Artist_country_5,country,1348909,815813,357963,"country, music",6,5.96605,357.963,14.114807416878286,13.611941666787235,1.6534516446150715,1.6534516446150715,0.14088858817948427,"Panjang
(4-6m)",Rendah,1
Country Track 6,Artist_country_6,country,2746807,996003,246220,"country, music",2,4.103666666666666,246.22,14.825950068204394,13.811506552622928,2.757827277802097,2.757827277802097,0.31096814571649906,"Panjang
(4-6m)",Sedang,1
Country Track 7,Artist_country_7,country,1704350,1269541,262456,"country, music",7,4.374266666666666,262.456,14.348694951074705,14.054166763470906,1.3424920168060608,1.3424920168060608,0.18413441012823453,"Panjang
(4-6m)",Sedang,1
Country Track 8,Artist_country_8,country,2363856,1112255,151227,"country, music",2,2.52045,151.227,14.67580516498475,13.921900943124406,2.125280510961505,2.125280510961505,0.2643752350475108,"Sedang
(2.5-4m)",Sedang,1
Country Track 9,Artist_country_9,country,2382738,991045,252330,"country, music",6,4.2055,252.33,14.683761224274685,13.806516229994692,2.4042657959368183,2.4042657959368183,0.2666725716238661,"Panjang
(4-6m)",Sedang,1
Country Track 10,Artist_country_10,country,706039,1384171,259307,"country, music",4,4.321783333333333,259.307,13.467427172094215,14.140612684894595,0.5100803946330369,0.5100803946330369,0.06267183334199206,"Panjang
(4-6m)",Rendah,1
Country Track 11,Artist_country_11,country,1872315,1072157,225310,"country, music",6,3.7551666666666668,225.31,14.442686725192784,13.885183997812033,1.746305115477383,1.746305115477383,0.2045703882051076,"Sedang
(2.5-4m)",Sedang,1
Country Track 12,Artist_country_12,country,898295,834808,299107,"country, music",6,4.985116666666666,299.107,13.70825491435199,13.634958235152464,1.076048533257308,1.076048533257308,0.0860632506083708,"Panjang
(4-6m)",Rendah,1
Country Track 13,Artist_country_13,country,2585490,1383082,190171,"country, music",2,3.1695166666666665,190.171,14.765425989860894,14.139825623307415,1.8693672035590054,1.8693672035590054,0.291341016996665,"Sedang
(2.5-4m)",Sedang,1
Country Track 14,Artist_country_14,country,2032960,762836,168691,"country, music",3,2.811516666666667,168.691,14.525003908953778,13.544799657038077,2.664999206907898,2.664999206907898,0.22411575597910377,"Sedang
(2.5-4m)",Sedang,1
Country Track 15,Artist_country_15,country,2671328,1680879,229806,"country, music",4,3.8301,229.806,14.798086659347584,14.334828023762931,1.5892437294750368,1.5892437294750368,0.3017847611467119,"Sedang
(2.5-4m)",Sedang,1
Country Track 16,Artist_country_16,country,1797483,636183,217409,"country, music",7,3.623483333333333,217.409,14.401898467285983,13.36324310865682,2.8254137167863385,2.8254137167863385,0.1954657228793042,"Sedang
(2.5-4m)",Sedang,1
Country Track 17,Artist_country_17,country,2067530,1229082,156315,"country, music",7,2.60525,156.315,14.541865699721626,14.021778920848774,1.6821728068812276,1.6821728068812276,0.22832182130293616,"Sedang
(2.5-4m)",Sedang,1
Country Track 18,Artist_country_18,country,2847700,1208299,271642,"country, music",3,4.5273666666666665,271.642,14.862022560047537,14.0047249710154,2.3567822560622362,2.3567822560622362,0.32324360272307756,"Panjang
(4-6m)",Sedang,1
Country Track 19,Artist_country_19,country,2000267,662352,280609,"country, music",3,4.676816666666666,280.609,14.50879172954702,13.403553925429545,3.0199410284244204,3.0199410284244204,0.22013806163047633,"Panjang
(4-6m)",Sedang,1
Country Track 20,Artist_country_20,country,1855261,1070586,317257,"country, music",6,5.287616666666667,317.257,14.433536483942442,13.883717654143988,1.7329380984450586,1.7329380984450586,0.20249546086832318,"Panjang
(4-6m)",Sedang,1
Country Track 21,Artist_country_21,country,1462792,951561,200167,"country, music",6,3.336116666666667,200.167,14.195858179902736,13.765860123868755,1.5372534842711247,1.5372534842711247,0.15474451346944668,"Sedang
(2.5-4m)",Rendah,1
Country Track 22,Artist_country_22,country,2390681,1327989,284351,"country, music",3,4.739183333333333,284.351,14.68708923885005,14.099177078869683,1.8002251522978336,1.8002251522978336,0.26763898113694684,"Panjang
(4-6m)",Sedang,1
Country Track 23,Artist_country_23,country,389127,1168752,238171,"country, music",6,3.969516666666667,238.171,12.871663617319074,13.97144792642666,0.33294203308996856,0.33294203308996856,0.024113760622687472,"Sedang
(2.5-4m)",Rendah,1
Country Track 24,Artist_country_24,country,1541004,1560603,279874,"country, music",5,4.6645666666666665,279.874,14.247945358943323,14.260583483778262,0.987440760115955,0.987440760115955,0.1642604168859227,"Panjang
(4-6m)",Rendah,1
Country Track 25,Artist_country_25,country,2209887,1272017,282043,"country, music",6,4.700716666666667,282.043,14.608452393476693,14.056115173725477,1.7373079626231704,1.7373079626231704,0.24564212333663016,"Panjang
(4-6m)",Sedang,1
Country Track 26,Artist_country_26,country,2492455,1201889,253533,"country, music",4,4.22555,253.533,14.728779127703438,13.99940587574652,2.0737796304154292,2.0737796304154292,0.28002162771686334,"Panjang
(4-6m)",Sedang,1
Country Track 27,Artist_country_27,country,1767393,865237,281767,"country, music",4,4.696116666666667,281.767,14.385016703243034,13.670759892577378,2.042666873160911,2.042666873160911,0.19180473052772434,"Panjang
(4-6m)",Sedang,1
Country Track 28,Artist_country_28,country,3873138,824066,237459,"country, music",7,3.95765,237.459,15.169575847344227,13.622007116265687,4.700028031701306,4.700028031701306,0.4480066693571534,"Sedang
(2.5-4m)",Tinggi,1
Country Track 29,Artist_country_29,country,1461772,865376,238934,"country, music",2,3.9822333333333333,238.934,14.195160640478864,13.670920529114447,1.689173620283414,1.689173620283414,0.1546204120337999,"Sedang
(2.5-4m)",Rendah,1
Country Track 30,Artist_country_30,country,1647058,1300198,258546,"country, music",5,4.3091,258.546,14.314501831226114,14.078027887639765,1.2667737784754487,1.2667737784754487,0.17716380282325903,"Panjang
(4-6m)",Sedang,1
Country Track 31,Artist_country_31,country,1635979,1153043,288003,"country, music",5,4.80005,288.003,14.307752571131228,13.957915959841372,1.418834840647885,1.418834840647885,0.17581584222960156,"Panjang
(4-6m)",Sedang,1
Country Track 32,Artist_country_32,country,1704858,733688,212451,"country, music",7,3.54085,212.451,14.348992967332876,13.505840512085948,2.323679379137482,2.323679379137482,0.18419621750990958,"Sedang
(2.5-4m)",Sedang,1
Country Track 33,Artist_country_33,country,2422720,1568926,204596,"country, music",5,3.4099333333333335,204.596,14.700401846656206,14.265902504182813,1.5441891177855949,1.5441891177855949,0.27153710456507135,"Sedang
(2.5-4m)",Sedang,1
Country Track 34,Artist_country_34,country,2874247,1376125,290995,"country, music",4,4.849916666666667,290.995,14.871301632782048,14.134782863050612,2.0886510392216993,2.0886510392216993,0.3264735250878961,"Panjang
(4-6m)",Sedang,1
Country Track 35,Artist_country_35,country,1890083,1296133,252629,"country, music",2,4.210483333333333,252.629,14.452131830492645,14.074896545611184,1.4582466010458794,1.4582466010458794,0.20673218654684472,"Panjang
(4-6m)",Sedang,1
Country Track 36,Artist_country_36,country,2183377,1171667,300520,"country, music",2,5.008666666666667,300.52,14.59638377674933,13.97393893253823,1.8634775380056467,1.8634775380056467,0.24241670269055565,"Panjang
(4-6m)",Sedang,1
Country Track 37,Artist_country_37,country,1003710,1676233,288262,"country, music",7,4.804366666666667,288.262,13.819214689191872,14.332060168416884,0.5987887132703429,0.5987887132703429,0.09888889064631665,"Panjang
(4-6m)",Rendah,1
Country Track 38,Artist_country_38,country,3650064,1111582,296418,"country, music",2,4.9403,296.418,15.110255533619288,13.921295683462581,3.2836630283118757,3.2836630283118757,0.4208656853812038,"Panjang
(4-6m)",Tinggi,1
Country Track 39,Artist_country_39,country,1519411,1574345,190741,"country, music",7,3.1790166666666666,190.741,14.233833975874486,14.269350505911422,0.9651061456630246,0.9651061456630246,0.16163323816051015,"Sedang
(2.5-4m)",Rendah,1
Country Track 40,Artist_country_40,country,2784490,1200120,248719,"country, music",4,4.145316666666667,248.719,14.839575649828507,13.997932943008223,2.3201743824164396,2.3201743824164396,0.3155529637552024,"Panjang
(4-6m)",Sedang,1
Country Track 41,Artist_country_41,country,2881414,967877,245491,"country, music",7,4.091516666666666,245.491,14.873792050898695,13.782861325258029,2.977042561149236,2.977042561149236,0.32734552017542595,"Panjang
(4-6m)",Sedang,1
Country Track 42,Artist_country_42,country,2697320,1054257,191315,"country, music",6,3.1885833333333333,191.315,14.807769616174008,13.868347759912954,2.5585008603207187,2.5585008603207187,0.30494715773036973,"Sedang
(2.5-4m)",Sedang,1
Country Track 43,Artist_country_43,country,1516965,1574017,189786,"country, music",6,3.1631,189.786,14.232222845422942,14.269142143726372,0.9637532734695538,0.9637532734695538,0.1613356380511062,"Sedang
(2.5-4m)",Rendah,1
Country Track 44,Artist_country_44,country,2211876,963790,183777,"country, music",5,3.06295,183.777,14.609352034291685,13.778629745107832,2.29497474037421,2.29497474037421,0.2458841211361414,"Sedang
(2.5-4m)",Sedang,1
Country Track 45,Artist_country_45,country,2565541,1364216,323095,"country, music",3,5.384916666666666,323.095,14.757680320307914,14.126091195641019,1.880595975566937,1.880595975566937,0.28891386058517726,"Panjang
(4-6m)",Sedang,1
Country Track 46,Artist_country_46,country,2852769,1460317,223162,"country, music",3,3.7193666666666667,223.162,14.863801010051423,14.19416477818693,1.953525875870872,1.953525875870872,0.32386033819101234,"Sedang
(2.5-4m)",Sedang,1
Country Track 47,Artist_country_47,country,1950997,1261072,305226,"country, music",4,5.0871,305.226,14.483851594489398,14.047473503834508,1.5470928328494862,1.5470928328494862,0.21414347561644045,"Panjang
(4-6m)",Sedang,1
Country Track 48,Artist_country_48,country,3451875,1140212,262130,"country, music",2,4.368833333333333,262.13,15.054428409335175,13.946725645023129,3.0273948814826706,3.0273948814826706,0.39675241143081297,"Panjang
(4-6m)",Tinggi,1
Country Track 49,Artist_country_49,country,2778452,1121510,169403,"country, music",4,2.823383333333333,169.403,14.837404855957098,13.930187441186764,2.477418411411034,2.477418411411034,0.3148183319234032,"Sedang
(2.5-4m)",Sedang,1
Country Track 50,Artist_country_50,country,1823691,587938,264714,"country, music",6,4.4119,264.714,14.416373575708896,13.284378480002644,3.101837095344925,3.101837095344925,0.19865439976698132,"Panjang
(4-6m)",Sedang,1
Country Track 51,Artist_country_51,country,2331379,1287828,212129,"country, music",5,3.5354833333333335,212.129,14.661970924894572,14.068468412857364,1.8103172082628982,1.8103172082628982,0.2604238210029027,"Sedang
(2.5-4m)",Sedang,1
Country Track 52,Artist_country_52,country,2349215,1324806,272653,"country, music",2,4.544216666666666,272.653,14.669592213436527,14.096777346415598,1.773250745202886,1.773250745202886,0.26259389277368295,"Panjang
(4-6m)",Sedang,1
Country Track 53,Artist_country_53,country,1723954,1062719,226694,"country, music",6,3.7782333333333336,226.694,14.360131627776942,13.876342217170519,1.6222090484793736,1.6222090484793736,0.18651959105413587,"Sedang
(2.5-4m)",Sedang,1
Country Track 54,Artist_country_54,country,2294925,1403133,254235,"country, music",7,4.23725,254.235,14.646211156948219,14.154218864146083,1.6355708007930818,1.6355708007930818,0.25598853302734625,"Panjang
(4-6m)",Sedang,1
Country Track 55,Artist_country_55,country,1185306,979386,309065,"country, music",6,5.151083333333333,309.065,13.98551237072804,13.794682144729547,1.210252943933297,1.210252943933297,0.12098332624211242,"Panjang
(4-6m)",Rendah,1
Country Track 56,Artist_country_56,country,2062278,1193307,252646,"country, music",4,4.210766666666666,252.646,14.539322239934688,13.992239840433154,1.7282026098878076,1.7282026098878076,0.2276828205774294,"Panjang
(4-6m)",Sedang,1
Country Track 57,Artist_country_57,country,2355190,1375455,264098,"country, music",4,4.401633333333334,264.098,14.672132386177871,14.13429587046726,1.7122975943977852,1.7122975943977852,0.2633208595168099,"Panjang
(4-6m)",Sedang,1
Country Track 58,Artist_country_58,country,2625111,1052651,219848,"country, music",2,3.6641333333333335,219.848,14.780634119764331,13.866823252163647,2.4938070701428394,2.4938070701428394,0.29616162776309723,"Sedang
(2.5-4m)",Sedang,1
Country Track 59,Artist_country_59,country,1822448,1441935,198730,"country, music",4,3.3121666666666667,198.73,14.41569175893431,14.181497213040421,1.26388965945784,1.26388965945784,0.1985031663507961,"Sedang
(2.5-4m)",Sedang,1
Country Track 60,Artist_country_60,country,2668016,514603,178897,"country, music",4,2.9816166666666666,178.897,14.796846057811445,13.151152951827166,5.184600197433366,5.184600197433366,0.3013817964850824,"Sedang
(2.5-4m)",Sedang,1
Country Track 61,Artist_country_61,country,2086932,1092090,225943,"country, music",3,3.7657166666666666,225.943,14.551206082046166,13.903604765148291,1.9109506442228716,1.9109506442228716,0.23068242527785643,"Sedang
(2.5-4m)",Sedang,1
Country Track 62,Artist_country_62,country,2938048,1160351,197121,"country, music",4,3.28535,197.121,14.893256313589136,13.964233965327294,2.5320316593585397,2.5320316593585397,0.33423606988760185,"Sedang
(2.5-4m)",Tinggi,1
Country Track 63,Artist_country_63,country,1811356,1396040,295598,"country, music",4,4.926633333333333,295.598,14.409586846096449,14.149150931500683,1.2974948443491272,1.2974948443491272,0.1971536240721745,"Panjang
(4-6m)",Sedang,1
Country Track 64,Artist_country_64,country,1095756,265502,185688,"country, music",3,3.0948,185.688,13.906956006579154,12.48938141903532,4.127094609100462,4.127094609100462,0.11008795020077058,"Sedang
(2.5-4m)",Rendah,1
Country Track 65,Artist_country_65,country,2671074,1263003,267672,"country, music",4,4.4612,267.672,14.797991571068902,14.049003568390162,2.1148579101887246,2.1148579101887246,0.30175385745587435,"Panjang
(4-6m)",Sedang,1
Country Track 66,Artist_country_66,country,2958423,1389512,225802,"country, music",4,3.7633666666666667,225.802,14.900167252075331,14.14446388400434,2.129107824108159,2.129107824108159,0.33671505689868325,"Sedang
(2.5-4m)",Tinggi,1
Country Track 67,Artist_country_67,country,2000827,668987,284517,"country, music",2,4.74195,284.517,14.509071652849865,13.41352140172976,2.9908264423278146,2.9908264423278146,0.2202061957520079,"Panjang
(4-6m)",Sedang,1
Country Track 68,Artist_country_68,country,2646590,1115268,210058,"country, music",2,3.500966666666667,210.058,14.78878295472587,13.924606189384283,2.373050806576709,2.373050806576709,0.29877493632805513,"Sedang
(2.5-4m)",Sedang,1
Country Track 69,Artist_country_69,country,2738524,1632440,262515,"country, music",7,4.37525,262.515,14.82293001224951,14.305586998591417,1.677563844573862,1.677563844573862,0.30996036905820273,"Panjang
(4-6m)",Sedang,1
Country Track 70,Artist_country_70,country,1472111,654658,329451,"country, music",7,5.49085,329.451,14.202208662333014,13.39186976836557,2.2486683907194434,2.2486683907194434,0.15587833825257638,"Panjang
(4-6m)",Rendah,1
Country Track 71,Artist_country_71,country,2313847,1517238,273860,"country, music",7,4.564333333333333,273.86,14.654422497456398,14.232402793713014,1.5250379142640018,1.5250379142640018,0.2582907363266681,"Panjang
(4-6m)",Sedang,1
Country Track 72,Artist_country_72,country,2299859,1276111,250676,"country, music",5,4.177933333333334,250.676,14.648358809481534,14.059328513329605,1.8022391451534034,1.8022391451534034,0.256588843305269,"Panjang
(4-6m)",Sedang,1
Country Track 73,Artist_country_73,country,482263,987829,249652,"country, music",7,4.160866666666666,249.652,13.086246960932392,13.803265897147835,0.4882044481337882,0.4882044481337882,0.03544543837797964,"Panjang
(4-6m)",Rendah,1
Country Track 74,Artist_country_74,country,1309391,873746,248759,"country, music",4,4.145983333333334,248.759,14.085073465301914,13.680546139047868,1.498592842092734,1.498592842092734,0.1360805092246909,"Panjang
(4-6m)",Rendah,1
Country Track 75,Artist_country_75,country,956560,1446336,207702,"country, music",5,3.4617,207.702,13.771099840005643,14.184544711255512,0.661367302364525,0.661367302364525,0.0931522409495074,"Sedang
(2.5-4m)",Rendah,1
Country Track 76,Artist_country_76,country,1910596,716531,264908,"country, music",6,4.415133333333333,264.908,14.462926316629437,13.482178186802264,2.666448951337833,2.666448951337833,0.2092279637521607,"Panjang
(4-6m)",Sedang,1
Country Track 77,Artist_country_77,country,2727692,920549,215871,"country, music",2,3.59785,215.871,14.818966754955873,13.732726596485353,2.963111183531584,2.963111183531584,0.3086424604788637,"Sedang
(2.5-4m)",Sedang,1
Country Track 78,Artist_country_78,country,1618084,1178212,242991,"country, music",6,4.04985,242.991,14.296753909213296,13.979509441789196,1.3733374186161584,1.3733374186161584,0.17363859204244564,"Panjang
(4-6m)",Sedang,1
Country Track 79,Artist_country_79,country,1890547,926667,253722,"country, music",7,4.2287,253.722,14.452377292099237,13.739350635846597,2.0401556976177013,2.0401556976177013,0.2067886405332566,"Panjang
(4-6m)",Sedang,1
Country Track 80,Artist_country_80,country,2185070,1244897,166176,"country, music",3,2.7696,166.176,14.597158880263077,14.034564156813843,1.755220106386226,1.755220106386226,0.24262268674011445,"Sedang
(2.5-4m)",Sedang,1
